File,Bounds,Iterations,Agents,Best Params,Train RMSE,Test RMSE,Test RÂ²
Location4_daytime_week1.csv,"([0.01, 0.0001, 0.0001], [100.0, 1.0, 10.0])",10,5,[5.00000000e+01 2.89773945e-04 2.87459972e-04],0.09750965345073802,0.09482978175654522,0.7859897694787429
Location4_daytime_week1.csv,"([0.01, 0.0001, 0.0001], [100.0, 1.0, 10.0])",10,10,[20.          0.08478302  1.12478747],0.061678553829962623,0.08154177987703953,0.8417639597368253
Location4_daytime_week1.csv,"([0.01, 0.0001, 0.0001], [100.0, 1.0, 10.0])",10,15,[3.12197966e-01 5.82903090e-05 1.45210594e+00],0.04642968951523875,0.09120159845994207,0.8020525402067022
Location4_daytime_week1.csv,"([0.01, 0.0001, 0.0001], [100.0, 1.0, 10.0])",10,20,[5.9296423  0.01199647 0.43976347],0.04708193776262221,0.10380589486544924,0.7435580527295724
Location4_daytime_week1.csv,"([0.01, 0.0001, 0.0001], [100.0, 1.0, 10.0])",25,5,[0.2247583  0.02097442 0.46043349],0.06395616881491935,0.08747216541161304,0.8179105482524842
Location4_daytime_week1.csv,"([0.01, 0.0001, 0.0001], [100.0, 1.0, 10.0])",25,10,[8.00000000e+00 1.05895429e-04 4.67353517e-01],0.045382191059898866,0.10575434714929256,0.7338407955124038
Location4_daytime_week1.csv,"([0.01, 0.0001, 0.0001], [100.0, 1.0, 10.0])",25,15,[1.43009396e+00 7.27288314e-05 6.48207399e-01],0.04829913334205006,0.09276989299626243,0.7951862336174159
Location4_daytime_week1.csv,"([0.01, 0.0001, 0.0001], [100.0, 1.0, 10.0])",25,20,[8.67489913 0.01118158 0.23154345],0.05682017966981491,0.08780497322077227,0.8165223106116358
Location4_daytime_week1.csv,"([0.01, 0.0001, 0.0001], [100.0, 1.0, 10.0])",30,5,[2.66666667e+01 1.68739200e-02 1.68727226e-02],0.0701426637167031,0.0766690087728582,0.8601106250811235
Location4_daytime_week1.csv,"([0.01, 0.0001, 0.0001], [100.0, 1.0, 10.0])",30,10,[1.00000000e+01 1.06209374e-04 2.33174212e-01],0.05606519430746647,0.08707287999849518,0.8195691266436694
Location4_daytime_week1.csv,"([0.01, 0.0001, 0.0001], [100.0, 1.0, 10.0])",30,15,[7.32025705 0.02926349 0.22832774],0.05815914879892949,0.08459387525465345,0.8296967744222278
Location4_daytime_week1.csv,"([0.01, 0.0001, 0.0001], [100.0, 1.0, 10.0])",30,20,[4.12808436 0.0050296  0.43640512],0.04958079990290474,0.09585935596520204,0.7813174918338692
Location4_daytime_week1.csv,"([0.01, 0.0001, 0.0001], [100.0, 1.0, 10.0])",35,5,[1.54810630e+00 7.61849074e-05 6.38818735e-01],0.048139498306597556,0.09317692450774298,0.7933850341283504
Location4_daytime_week1.csv,"([0.01, 0.0001, 0.0001], [100.0, 1.0, 10.0])",35,10,[4.39836473e+00 8.59810246e-05 4.52923736e-01],0.04881911407593547,0.09564936543397869,0.7822745389118444
Location4_daytime_week1.csv,"([0.01, 0.0001, 0.0001], [100.0, 1.0, 10.0])",35,15,[1.14285714e+01 9.58819039e-05 2.28537908e-01],0.0560387748668283,0.08761025340471326,0.8173351831880875
Location4_daytime_week1.csv,"([0.01, 0.0001, 0.0001], [100.0, 1.0, 10.0])",35,20,[5.71428571e+01 2.37776132e-02 1.24820186e-02],0.06946420743429844,0.07535353096476592,0.8648698534251301
Location4_daytime_week1.csv,"([0.01, 0.0001, 0.0001], [100.0, 1.0, 10.0])",40,5,[55.45728371  0.08807113  0.42512207],0.05783896851377161,0.09947174087457296,0.7645251819222961
Location4_daytime_week1.csv,"([0.01, 0.0001, 0.0001], [100.0, 1.0, 10.0])",40,10,[2.74297875 0.01333107 0.45025787],0.05081339844120017,0.09525753423693598,0.7840547260886993
Location4_daytime_week1.csv,"([0.01, 0.0001, 0.0001], [100.0, 1.0, 10.0])",40,15,[18.62284674  0.02106719  0.17416158],0.05892162289025104,0.08428890933908399,0.8309224674540024
Location4_daytime_week1.csv,"([0.01, 0.0001, 0.0001], [100.0, 1.0, 10.0])",40,20,[0.80547075 0.0167818  0.97684517],0.04486558566256115,0.10244083491184001,0.7502581919965519
Location4_daytime_week1.csv,"([0.001, 1e-05, 1e-05], [1000.0, 1.5, 100.0])",10,5,[2.19768796e+01 4.83848179e-06 3.77647617e-01],0.04566486599528344,0.10897376286135789,0.7173890874804206
Location4_daytime_week1.csv,"([0.001, 1e-05, 1e-05], [1000.0, 1.5, 100.0])",10,10,[4.01180595e+00 1.02767344e-03 4.58884768e-01],0.04894822994100258,0.09555528101084476,0.7827026546574005
Location4_daytime_week1.csv,"([0.001, 1e-05, 1e-05], [1000.0, 1.5, 100.0])",10,15,[2.31303737e+00 3.98119832e-06 5.46245095e-01],0.04841328677113774,0.09381733361708237,0.7905351263628826
Location4_daytime_week1.csv,"([0.001, 1e-05, 1e-05], [1000.0, 1.5, 100.0])",10,20,[3.36028211e+02 1.16741705e-01 1.48469503e-05],0.1010941453856875,0.10179272594456217,0.7534082617634477
Location4_daytime_week1.csv,"([0.001, 1e-05, 1e-05], [1000.0, 1.5, 100.0])",25,5,[2.40000000e+02 2.63602954e-03 2.63602954e-03],0.07192358352242964,0.07732996422045785,0.8576882853994808
Location4_daytime_week1.csv,"([0.001, 1e-05, 1e-05], [1000.0, 1.5, 100.0])",25,10,[0.26564398 0.01115678 1.62973392],0.04545060133378292,0.09386419246906454,0.7903258316761602
Location4_daytime_week1.csv,"([0.001, 1e-05, 1e-05], [1000.0, 1.5, 100.0])",25,15,[4.00000000e+02 3.85518036e-03 3.85518159e-03],0.07097440795924258,0.07711976260844916,0.8584609094438664
Location4_daytime_week1.csv,"([0.001, 1e-05, 1e-05], [1000.0, 1.5, 100.0])",25,20,[1.05594853e+02 2.04394386e-02 9.49865994e-02],0.06150171293254091,0.07973430182183765,0.8487012206580894
Location4_daytime_week1.csv,"([0.001, 1e-05, 1e-05], [1000.0, 1.5, 100.0])",30,5,[0.78841726 0.00490643 0.78209146],0.04886138972459625,0.09547490980875668,0.7830680369581713
Location4_daytime_week1.csv,"([0.001, 1e-05, 1e-05], [1000.0, 1.5, 100.0])",30,10,[7.42608577e+00 9.84893328e-06 4.78450985e-01],0.04530364420321035,0.10581132339090811,0.7335539262415935
Location4_daytime_week1.csv,"([0.001, 1e-05, 1e-05], [1000.0, 1.5, 100.0])",30,15,[3.08718405e-01 1.18893728e-05 1.45677429e+00],0.046440725628633724,0.0912937407235319,0.8016523599236751
Location4_daytime_week1.csv,"([0.001, 1e-05, 1e-05], [1000.0, 1.5, 100.0])",30,20,[3.49916110e+00 7.91302922e-04 4.73244958e-01],0.04908693742598978,0.09525815410052915,0.784051915664306
Location4_daytime_week1.csv,"([0.001, 1e-05, 1e-05], [1000.0, 1.5, 100.0])",35,5,[1.06756712e+01 1.10843989e-05 4.39954072e-01],0.045434225466524716,0.10672113792337529,0.7289521746205012
Location4_daytime_week1.csv,"([0.001, 1e-05, 1e-05], [1000.0, 1.5, 100.0])",35,10,[5.71428571e+01 9.06550268e-03 1.47426171e-01],0.0581979124996679,0.08570637711198383,0.8251879734099562
Location4_daytime_week1.csv,"([0.001, 1e-05, 1e-05], [1000.0, 1.5, 100.0])",35,15,[5.71428571e+01 9.18816477e-04 1.22144340e-01],0.06157461927381998,0.08341704926160294,0.8344021555530463
Location4_daytime_week1.csv,"([0.001, 1e-05, 1e-05], [1000.0, 1.5, 100.0])",35,20,[4.92765233e-01 1.20530692e-05 1.02415314e+00],0.04814231342230556,0.0912782646137452,0.8017196019853101
Location4_daytime_week1.csv,"([0.001, 1e-05, 1e-05], [1000.0, 1.5, 100.0])",40,5,[1.38910083 0.01462647 0.75112415],0.04560480585769749,0.10405820872417687,0.7423099060236418
Location4_daytime_week1.csv,"([0.001, 1e-05, 1e-05], [1000.0, 1.5, 100.0])",40,10,[2.58428788e-01 8.18010538e-06 7.50259149e-01],0.05549515480560897,0.09251459097888735,0.7963119742233894
Location4_daytime_week1.csv,"([0.001, 1e-05, 1e-05], [1000.0, 1.5, 100.0])",40,15,[1.66050719e+01 3.25066628e-04 1.99298026e-01],0.05694344540256564,0.08655284096297086,0.8217179219117586
Location4_daytime_week1.csv,"([0.001, 1e-05, 1e-05], [1000.0, 1.5, 100.0])",40,20,[4.62166745e+00 1.31453373e-04 4.48941377e-01],0.04875729272953881,0.09590446559494886,0.7811116275664699
Location4_daytime_week1.csv,"([0.1, 0.001, 0.001], [10.0, 0.5, 1.0])",10,5,[0.90667632 0.03053888 0.0848476 ],0.07101914521762867,0.07936472303485263,0.8501005488575479
Location4_daytime_week1.csv,"([0.1, 0.001, 0.001], [10.0, 0.5, 1.0])",10,10,[3.84964774 0.01583664 0.3128757 ],0.055373319103523874,0.08701863053402052,0.819793886156247
Location4_daytime_week1.csv,"([0.1, 0.001, 0.001], [10.0, 0.5, 1.0])",10,15,[4.         0.01033049 0.4       ],0.05101327613860616,0.09513784494053125,0.7845970474994951
Location4_daytime_week1.csv,"([0.1, 0.001, 0.001], [10.0, 0.5, 1.0])",10,20,[4.         0.01994447 0.31218704],0.05534815047976468,0.08781262706154762,0.8164903222133766
Location4_daytime_week1.csv,"([0.1, 0.001, 0.001], [10.0, 0.5, 1.0])",25,5,[3.24004932e+00 3.04351870e-03 4.93236280e-01],0.048351830663360414,0.0961263536849108,0.7800975995384312
Location4_daytime_week1.csv,"([0.1, 0.001, 0.001], [10.0, 0.5, 1.0])",25,10,[0.78353223 0.02382626 0.1243014 ],0.07080249364299585,0.0806665206749858,0.8451426998847067
Location4_daytime_week1.csv,"([0.1, 0.001, 0.001], [10.0, 0.5, 1.0])",25,15,[1.84089922e+00 8.97692066e-04 5.76922300e-01],0.048741555373844656,0.09376208074712118,0.7907817785947022
Location4_daytime_week1.csv,"([0.1, 0.001, 0.001], [10.0, 0.5, 1.0])",25,20,[2.21309091e+00 7.67446806e-04 5.50887109e-01],0.04848593426589798,0.09401624024009929,0.7896459917879257
Location4_daytime_week1.csv,"([0.1, 0.001, 0.001], [10.0, 0.5, 1.0])",30,5,[4.58329977e+00 9.41495992e-04 4.48611099e-01],0.04871332392224215,0.09607998459730702,0.7803096998410635
Location4_daytime_week1.csv,"([0.1, 0.001, 0.001], [10.0, 0.5, 1.0])",30,10,[3.67369053 0.01141672 0.42019949],0.05047864359567192,0.09529415414240199,0.7838886622576733
Location4_daytime_week1.csv,"([0.1, 0.001, 0.001], [10.0, 0.5, 1.0])",30,15,[4.52603000e+00 7.35241627e-04 4.49589083e-01],0.048761512662693844,0.09600201286041894,0.7806661254535631
Location4_daytime_week1.csv,"([0.1, 0.001, 0.001], [10.0, 0.5, 1.0])",30,20,[2.81234656e+00 2.03208465e-03 5.66666667e-01],0.04684514276440069,0.097398940655373,0.7742366195074892
Location4_daytime_week1.csv,"([0.1, 0.001, 0.001], [10.0, 0.5, 1.0])",35,5,[2.90286707e+00 1.04643947e-03 5.91588369e-01],0.04588693645854243,0.09863756187181306,0.7684580479825605
Location4_daytime_week1.csv,"([0.1, 0.001, 0.001], [10.0, 0.5, 1.0])",35,10,[1.24587259 0.0029525  0.65714286],0.048641585903531064,0.0944000310147934,0.7879250825384964
Location4_daytime_week1.csv,"([0.1, 0.001, 0.001], [10.0, 0.5, 1.0])",35,15,[3.47331648 0.02398293 0.29145297],0.05708500912560961,0.08490490156494228,0.8284421644663956
Location4_daytime_week1.csv,"([0.1, 0.001, 0.001], [10.0, 0.5, 1.0])",35,20,[3.53825517e+00 2.98873683e-03 5.42857143e-01],0.04638270055409291,0.09951743763517898,0.7643087806019228
Location4_daytime_week1.csv,"([0.1, 0.001, 0.001], [10.0, 0.5, 1.0])",40,5,[5.30187996e+00 1.07493012e-01 9.71808328e-04],0.09981168369800256,0.1008079713321732,0.7581562976417581
Location4_daytime_week1.csv,"([0.1, 0.001, 0.001], [10.0, 0.5, 1.0])",40,10,[4.25000000e+00 3.82599749e-03 4.25000000e-01],0.04993286688433897,0.09460888974277211,0.7869856189258502
Location4_daytime_week1.csv,"([0.1, 0.001, 0.001], [10.0, 0.5, 1.0])",40,15,[9.25       0.02979254 0.21075845],0.05890710800224882,0.08438796698993244,0.830524828789041
Location4_daytime_week1.csv,"([0.1, 0.001, 0.001], [10.0, 0.5, 1.0])",40,20,[7.69728057 0.01062543 0.03165634],0.07139030418847758,0.0755782625696839,0.8640626371328237
Location4_daytime_week2.csv,"([0.01, 0.0001, 0.0001], [100.0, 1.0, 10.0])",10,5,[4.00000000e+01 1.78415178e-04 1.84862336e-04],0.09579498872549244,0.09752484674111865,0.8273830845920673
Location4_daytime_week2.csv,"([0.01, 0.0001, 0.0001], [100.0, 1.0, 10.0])",10,10,[30.         0.0697374  3.       ],0.056197449587921944,0.11443726486246746,0.7623226824854334
Location4_daytime_week2.csv,"([0.01, 0.0001, 0.0001], [100.0, 1.0, 10.0])",10,15,[3.00000000e+01 2.62355910e-02 2.83008498e-03],0.0900767459413293,0.11078739007005517,0.7772419223124402
Location4_daytime_week2.csv,"([0.01, 0.0001, 0.0001], [100.0, 1.0, 10.0])",10,20,[11.99695197  0.03915532  3.        ],0.03683528875538013,0.12427802746839998,0.7196881215222151
Location4_daytime_week2.csv,"([0.01, 0.0001, 0.0001], [100.0, 1.0, 10.0])",25,5,[3.20000000e+01 4.44468002e-03 5.99734700e-03],0.09104279214619895,0.1148498477609927,0.7606057877591679
Location4_daytime_week2.csv,"([0.01, 0.0001, 0.0001], [100.0, 1.0, 10.0])",25,10,[6.08473666 0.02920216 0.00690399],0.08995388571102868,0.11062715428153584,0.7778858223732577
Location4_daytime_week2.csv,"([0.01, 0.0001, 0.0001], [100.0, 1.0, 10.0])",25,15,[0.0507061  0.00035816 0.1216803 ],0.11493094673444419,0.14428240865141406,0.6221846780681987
Location4_daytime_week2.csv,"([0.01, 0.0001, 0.0001], [100.0, 1.0, 10.0])",25,20,[2.40000000e+01 6.32940007e-03 6.22004807e-03],0.09106906536242702,0.11545827885779497,0.7580626290482766
Location4_daytime_week2.csv,"([0.01, 0.0001, 0.0001], [100.0, 1.0, 10.0])",30,5,[0.49169964 0.01540735 0.66666667],0.07824617778566546,0.10378449005616719,0.8045130772587985
Location4_daytime_week2.csv,"([0.01, 0.0001, 0.0001], [100.0, 1.0, 10.0])",30,10,[0.28546748 0.00488598 0.01727342],0.09417543556365147,0.11439967247965172,0.7624788097605347
Location4_daytime_week2.csv,"([0.01, 0.0001, 0.0001], [100.0, 1.0, 10.0])",30,15,[2.66666667e+01 5.79519665e-03 6.33058036e-03],0.09135802303209095,0.11590129521464389,0.7562024273517498
Location4_daytime_week2.csv,"([0.01, 0.0001, 0.0001], [100.0, 1.0, 10.0])",30,20,[2.00000000e+01 6.45633464e-03 6.45633464e-03],0.09109039986167486,0.11571717436373256,0.7569764059638495
Location4_daytime_week2.csv,"([0.01, 0.0001, 0.0001], [100.0, 1.0, 10.0])",35,5,[2.28571429e+01 1.34931237e-03 1.34931237e-03],0.09052686732839829,0.10295175353403332,0.8076375520991876
Location4_daytime_week2.csv,"([0.01, 0.0001, 0.0001], [100.0, 1.0, 10.0])",35,10,[7.16446650e+01 6.41503178e-04 6.41503178e-04],0.09152054017709027,0.09902091789481132,0.8220464343870428
Location4_daytime_week2.csv,"([0.01, 0.0001, 0.0001], [100.0, 1.0, 10.0])",35,15,[7.63630826e+01 2.67811902e-02 1.34012118e-04],0.09614304867789511,0.10041083278555465,0.8170156545912205
Location4_daytime_week2.csv,"([0.01, 0.0001, 0.0001], [100.0, 1.0, 10.0])",35,20,[2.57142857e+01 5.06129085e-03 6.35451788e-03],0.09114838527196319,0.11536648600677316,0.7584471712950762
Location4_daytime_week2.csv,"([0.01, 0.0001, 0.0001], [100.0, 1.0, 10.0])",40,5,[7.25000000e+01 6.41138614e-04 6.41157708e-04],0.09150035042748113,0.09905246827154188,0.8219330159980651
Location4_daytime_week2.csv,"([0.01, 0.0001, 0.0001], [100.0, 1.0, 10.0])",40,10,[7.00000000e+01 1.57139654e-04 6.59250191e-04],0.09143071624016447,0.09913646076817127,0.821630900725621
Location4_daytime_week2.csv,"([0.01, 0.0001, 0.0001], [100.0, 1.0, 10.0])",40,15,[1.09435988e+01 2.32657968e-02 5.56889337e-03],0.09008129917683615,0.1130779413234518,0.7679355664566584
Location4_daytime_week2.csv,"([0.01, 0.0001, 0.0001], [100.0, 1.0, 10.0])",40,20,[2.75000000e+01 1.25753534e-03 7.43110773e-03],0.09134101799602465,0.11520905627061456,0.7591059701035143
Location4_daytime_week2.csv,"([0.001, 1e-05, 1e-05], [1000.0, 1.5, 100.0])",10,5,[3.10970425e+01 5.08932569e-03 1.23963133e+01],0.005027878343200344,0.15855545087323591,0.5437371041455863
Location4_daytime_week2.csv,"([0.001, 1e-05, 1e-05], [1000.0, 1.5, 100.0])",10,10,[4.11226873e-01 4.02185586e-05 1.02487008e-01],0.0916235864724984,0.12005045090819573,0.7384345427064478
Location4_daytime_week2.csv,"([0.001, 1e-05, 1e-05], [1000.0, 1.5, 100.0])",10,15,[5.34814168e+02 1.38588911e-05 1.38588911e-05],0.09600622729303207,0.09628395631246311,0.8317478382018427
Location4_daytime_week2.csv,"([0.001, 1e-05, 1e-05], [1000.0, 1.5, 100.0])",10,20,[2.00000000e+02 3.96647945e-04 3.96647945e-04],0.09127362256459738,0.09952501157675629,0.8202299777252089
Location4_daytime_week2.csv,"([0.001, 1e-05, 1e-05], [1000.0, 1.5, 100.0])",25,5,[3.46638882e+02 2.48022874e-05 2.48022874e-05],0.09600268689900651,0.09649141265813699,0.8310220146349303
Location4_daytime_week2.csv,"([0.001, 1e-05, 1e-05], [1000.0, 1.5, 100.0])",25,10,[5.60000000e+02 1.53277848e-05 1.53277848e-05],0.09601600796250778,0.0964660307784795,0.8311109016077161
Location4_daytime_week2.csv,"([0.001, 1e-05, 1e-05], [1000.0, 1.5, 100.0])",25,15,[3.60000000e+02 1.14982549e-03 1.53053951e-03],0.09252717163675106,0.12182511896620497,0.7306441036077027
Location4_daytime_week2.csv,"([0.001, 1e-05, 1e-05], [1000.0, 1.5, 100.0])",25,20,[2.00000000e+02 3.86164873e-05 1.93530319e-03],0.09287929146737998,0.12254325985200687,0.7274591181085024
Location4_daytime_week2.csv,"([0.001, 1e-05, 1e-05], [1000.0, 1.5, 100.0])",30,5,[2.15010101e-01 4.73676633e-06 1.36682074e-02],0.09512616772850678,0.11266559350657009,0.7696249638489898
Location4_daytime_week2.csv,"([0.001, 1e-05, 1e-05], [1000.0, 1.5, 100.0])",30,10,[4.42873502e+02 2.06445381e-02 1.24471953e-05],0.09685230484776541,0.10166765118809484,0.812406243899464
Location4_daytime_week2.csv,"([0.001, 1e-05, 1e-05], [1000.0, 1.5, 100.0])",30,15,[7.94043391e+02 9.95181612e-06 9.95181612e-06],0.09601091236170006,0.09615826059615841,0.8321868474075653
Location4_daytime_week2.csv,"([0.001, 1e-05, 1e-05], [1000.0, 1.5, 100.0])",30,20,[1.77265834e+02 6.79999934e-06 2.36988299e-03],0.09272112324306149,0.12263106887495358,0.7270683969424444
Location4_daytime_week2.csv,"([0.001, 1e-05, 1e-05], [1000.0, 1.5, 100.0])",35,5,[0.07304763 0.00036476 0.05296941],0.10442435940020295,0.13243029918240157,0.6817066837571522
Location4_daytime_week2.csv,"([0.001, 1e-05, 1e-05], [1000.0, 1.5, 100.0])",35,10,[5.42857143e+02 1.90708620e-05 1.88160117e-05],0.09598935832375771,0.0963185784126864,0.8316268151204964
Location4_daytime_week2.csv,"([0.001, 1e-05, 1e-05], [1000.0, 1.5, 100.0])",35,15,[6.85714286e+02 1.15178956e-05 1.15178956e-05],0.09602520691158985,0.09614506008085029,0.8322329187076138
Location4_daytime_week2.csv,"([0.001, 1e-05, 1e-05], [1000.0, 1.5, 100.0])",35,20,[2.01712143e-01 3.68203949e-05 3.57317755e-02],0.09595738405642416,0.11948752962627415,0.7408817730592538
Location4_daytime_week2.csv,"([0.001, 1e-05, 1e-05], [1000.0, 1.5, 100.0])",40,5,[1.22470987e-03 1.40000189e-01 1.22470987e-05],0.18993690010085088,0.24469802510936092,-0.08671015960009365
Location4_daytime_week2.csv,"([0.001, 1e-05, 1e-05], [1000.0, 1.5, 100.0])",40,10,[2.62799891e+01 2.33270924e-02 3.86632364e-03],0.09000166200460719,0.11388397775979119,0.7646153953342384
Location4_daytime_week2.csv,"([0.001, 1e-05, 1e-05], [1000.0, 1.5, 100.0])",40,15,[3.79738485e-01 1.66188357e-05 2.73634465e-02],0.09323613580228428,0.11822367214305358,0.7463343342809527
Location4_daytime_week2.csv,"([0.001, 1e-05, 1e-05], [1000.0, 1.5, 100.0])",40,20,[1.91017801e-01 7.89631552e-06 4.37991845e-02],0.09697723620564333,0.12146557953346472,0.7322316441785981
Location4_daytime_week2.csv,"([0.1, 0.001, 0.001], [10.0, 0.5, 1.0])",10,5,[0.21810798 0.01357574 0.03313336],0.09500854558252457,0.11887010979503883,0.7435527027086292
Location4_daytime_week2.csv,"([0.1, 0.001, 0.001], [10.0, 0.5, 1.0])",10,10,[0.53916601 0.05103372 0.00801837],0.09705171371887454,0.11279271641961436,0.7691047967466033
Location4_daytime_week2.csv,"([0.1, 0.001, 0.001], [10.0, 0.5, 1.0])",10,15,[2.53532396e+00 7.24164591e-04 1.79262089e-02],0.09191702595731219,0.1184038316648974,0.7455606295693471
Location4_daytime_week2.csv,"([0.1, 0.001, 0.001], [10.0, 0.5, 1.0])",10,20,[0.19336571 0.01948849 0.03637014],0.09570685802742321,0.11968717968754007,0.740015135511422
Location4_daytime_week2.csv,"([0.1, 0.001, 0.001], [10.0, 0.5, 1.0])",25,5,[0.23771537 0.01969799 0.02479836],0.09368935824589021,0.11625349467970883,0.7547184777919685
Location4_daytime_week2.csv,"([0.1, 0.001, 0.001], [10.0, 0.5, 1.0])",25,10,[2.43528882 0.00635962 0.01619631],0.09193007380520346,0.11879001268719011,0.7438981851263184
Location4_daytime_week2.csv,"([0.1, 0.001, 0.001], [10.0, 0.5, 1.0])",25,15,[0.21470697 0.01683377 0.02663094],0.09472645135048072,0.11718190423844621,0.7507851592766219
Location4_daytime_week2.csv,"([0.1, 0.001, 0.001], [10.0, 0.5, 1.0])",25,20,[6.33407085e+00 5.08346933e-03 1.11328194e-02],0.09167249833807826,0.11677756396379509,0.7525020411916771
Location4_daytime_week2.csv,"([0.1, 0.001, 0.001], [10.0, 0.5, 1.0])",30,5,[5.66666667 0.01006175 0.01006175],0.0911743134122488,0.11556840070226188,0.7576008987091731
Location4_daytime_week2.csv,"([0.1, 0.001, 0.001], [10.0, 0.5, 1.0])",30,10,[3.91529875e+00 3.99585823e-02 8.98323501e-04],0.0980011118630361,0.10890250346645665,0.7847572531700713
Location4_daytime_week2.csv,"([0.1, 0.001, 0.001], [10.0, 0.5, 1.0])",30,15,[7.66666667e+00 3.00810508e-02 5.15682606e-03],0.09012473343342986,0.1096470354792877,0.7818040993448516
Location4_daytime_week2.csv,"([0.1, 0.001, 0.001], [10.0, 0.5, 1.0])",30,20,[8.00000000e+00 2.93450903e-02 5.32271311e-03],0.09010536077865988,0.11006032754150435,0.7801561097150911
Location4_daytime_week2.csv,"([0.1, 0.001, 0.001], [10.0, 0.5, 1.0])",35,5,[5.90481661e+00 9.50358818e-04 1.23615317e-02],0.0915702629999943,0.11660587061437283,0.7532292787474955
Location4_daytime_week2.csv,"([0.1, 0.001, 0.001], [10.0, 0.5, 1.0])",35,10,[0.19217664 0.01459387 0.02579184],0.09558754240667389,0.11706627881610367,0.7512767258710937
Location4_daytime_week2.csv,"([0.1, 0.001, 0.001], [10.0, 0.5, 1.0])",35,15,[8.57142857e+00 4.71653047e-03 1.02322040e-02],0.09166793907097004,0.11734647480399166,0.7500846718211929
Location4_daytime_week2.csv,"([0.1, 0.001, 0.001], [10.0, 0.5, 1.0])",35,20,[8.85714286e+00 7.14790781e-03 9.07339648e-03],0.09143184229380391,0.11638038344501676,0.7541827441356592
Location4_daytime_week2.csv,"([0.1, 0.001, 0.001], [10.0, 0.5, 1.0])",40,5,[0.17324742 0.025      0.02640638],0.09619074218586265,0.11684542696801058,0.7522143003830399
Location4_daytime_week2.csv,"([0.1, 0.001, 0.001], [10.0, 0.5, 1.0])",40,10,[4.27955832 0.01219215 0.01086568],0.09083948541370072,0.11536313627530076,0.7584611983386951
Location4_daytime_week2.csv,"([0.1, 0.001, 0.001], [10.0, 0.5, 1.0])",40,15,[0.25252361 0.00094057 0.01172   ],0.09497242759850628,0.11178415866219482,0.7732155234793325
Location4_daytime_week2.csv,"([0.1, 0.001, 0.001], [10.0, 0.5, 1.0])",40,20,[8.25       0.00869903 0.00869903],0.09135743478247385,0.11620798157896294,0.7549104950282571
Location4_daytime_week3.csv,"([0.01, 0.0001, 0.0001], [100.0, 1.0, 10.0])",10,5,[0.97955654 0.00300251 0.0729517 ],0.06084094468337322,0.08608657544600973,0.5206394482518051
Location4_daytime_week3.csv,"([0.01, 0.0001, 0.0001], [100.0, 1.0, 10.0])",10,10,[0.84387931 0.03342137 0.1595926 ],0.05927925265067533,0.08424020711715591,0.5409814043538216
Location4_daytime_week3.csv,"([0.01, 0.0001, 0.0001], [100.0, 1.0, 10.0])",10,15,[50.          0.06542802  5.        ],0.04906860127072996,0.11202787182200659,0.18821018230513087
Location4_daytime_week3.csv,"([0.01, 0.0001, 0.0001], [100.0, 1.0, 10.0])",10,20,[24.49919333  0.0628008   5.        ],0.046526349156489316,0.11007258399519336,0.21630017164087212
Location4_daytime_week3.csv,"([0.01, 0.0001, 0.0001], [100.0, 1.0, 10.0])",25,5,[6.09942197e-01 5.48373111e-05 9.55670370e-02],0.06058334527532551,0.08515827634724367,0.5309219047497264
Location4_daytime_week3.csv,"([0.01, 0.0001, 0.0001], [100.0, 1.0, 10.0])",25,10,[42.04421824  0.07583689  2.91930671],0.05468486696551513,0.11079359620060526,0.2059995540375762
Location4_daytime_week3.csv,"([0.01, 0.0001, 0.0001], [100.0, 1.0, 10.0])",25,15,[7.60000000e+01 2.40523533e-03 2.40523533e-03],0.06054608911398812,0.08428534003661838,0.5404894207821924
Location4_daytime_week3.csv,"([0.01, 0.0001, 0.0001], [100.0, 1.0, 10.0])",25,20,[7.60000000e+01 2.84144278e-03 2.84392446e-03],0.060244501215963885,0.08397912338253938,0.5438222467752869
Location4_daytime_week3.csv,"([0.01, 0.0001, 0.0001], [100.0, 1.0, 10.0])",30,5,[5.42405881e+00 5.30942911e-04 1.50193099e-02],0.06055157144469609,0.08227470478849558,0.5621512710166529
Location4_daytime_week3.csv,"([0.01, 0.0001, 0.0001], [100.0, 1.0, 10.0])",30,10,[6.33333333e+01 3.57870736e-02 1.33731181e-02],0.058625789299570776,0.0851962901138095,0.5305030281387815
Location4_daytime_week3.csv,"([0.01, 0.0001, 0.0001], [100.0, 1.0, 10.0])",30,15,[1.4913396  0.04548106 0.09210002],0.0594674599659383,0.08263307661948845,0.558328604235727
Location4_daytime_week3.csv,"([0.01, 0.0001, 0.0001], [100.0, 1.0, 10.0])",30,20,[1.13976276e+00 9.73044782e-05 5.84378786e-02],0.0602713371768444,0.08446863796869147,0.5384886238512588
Location4_daytime_week3.csv,"([0.01, 0.0001, 0.0001], [100.0, 1.0, 10.0])",35,5,[3.67760911e-02 3.67760911e-04 5.71428571e-01],0.06630121257644668,0.09036369310143051,0.4718231381960798
Location4_daytime_week3.csv,"([0.01, 0.0001, 0.0001], [100.0, 1.0, 10.0])",35,10,[3.68218745e-01 8.89147000e-05 1.08434005e-01],0.060802335858287364,0.0845618288554487,0.5374697278374221
Location4_daytime_week3.csv,"([0.01, 0.0001, 0.0001], [100.0, 1.0, 10.0])",35,15,[9.39924594e-01 1.41861399e-04 6.64930465e-02],0.06035199633203253,0.08458566743831633,0.537208909912021
Location4_daytime_week3.csv,"([0.01, 0.0001, 0.0001], [100.0, 1.0, 10.0])",35,20,[11.42857143  0.02798268  0.03794271],0.05856522186271958,0.0853949706605884,0.528310710119569
Location4_daytime_week3.csv,"([0.01, 0.0001, 0.0001], [100.0, 1.0, 10.0])",40,5,[1.24218267 0.0290179  0.14095537],0.058736153398658994,0.08413228104396572,0.5421568131425969
Location4_daytime_week3.csv,"([0.01, 0.0001, 0.0001], [100.0, 1.0, 10.0])",40,10,[1.69138585e+01 5.85901489e-04 7.48463331e-03],0.06039412648147361,0.08244291439204511,0.5603590883542673
Location4_daytime_week3.csv,"([0.01, 0.0001, 0.0001], [100.0, 1.0, 10.0])",40,15,[4.00000000e+01 4.20681585e-04 4.51912031e-03],0.06037560266914401,0.08275769241461571,0.5569954641493065
Location4_daytime_week3.csv,"([0.01, 0.0001, 0.0001], [100.0, 1.0, 10.0])",40,20,[7.75000000e+01 2.81218582e-03 2.81218582e-03],0.06024754940410225,0.08397169604902112,0.5439029343164377
Location4_daytime_week3.csv,"([0.001, 1e-05, 1e-05], [1000.0, 1.5, 100.0])",10,5,[2.52047630e+02 9.18510297e-06 2.62024863e+01],0.00035102095141838506,0.11052863774816561,0.2097926536816076
Location4_daytime_week3.csv,"([0.001, 1e-05, 1e-05], [1000.0, 1.5, 100.0])",10,10,[5.00000000e+02 2.59296878e-05 2.59296878e-05],0.06919024029942973,0.08929907506223973,0.4841952357435987
Location4_daytime_week3.csv,"([0.001, 1e-05, 1e-05], [1000.0, 1.5, 100.0])",10,15,[2.08015807e-02 6.56254961e-06 1.72501254e+00],0.07142897745150685,0.10224514966629529,0.32379736623484523
Location4_daytime_week3.csv,"([0.001, 1e-05, 1e-05], [1000.0, 1.5, 100.0])",10,20,[1.00650756e+02 1.00000000e-05 2.59506412e+01],0.00036449578179118046,0.11042242763995934,0.21131058939606817
Location4_daytime_week3.csv,"([0.001, 1e-05, 1e-05], [1000.0, 1.5, 100.0])",25,5,[1.36760646e-01 1.44560877e-03 8.00000000e+00],0.04071334255763385,0.09549356399170475,0.4101526500113897
Location4_daytime_week3.csv,"([0.001, 1e-05, 1e-05], [1000.0, 1.5, 100.0])",25,10,[2.00000000e+02 1.59090813e-03 1.68174602e-03],0.06046432920674488,0.08444261534247459,0.5387729397436092
Location4_daytime_week3.csv,"([0.001, 1e-05, 1e-05], [1000.0, 1.5, 100.0])",25,15,[5.47308898e-01 4.03155597e-04 9.13559571e-02],0.060634604011665386,0.08441964060423707,0.5390238824554758
Location4_daytime_week3.csv,"([0.001, 1e-05, 1e-05], [1000.0, 1.5, 100.0])",25,20,[1.60000000e+02 1.87420944e-03 1.94219436e-03],0.060323637289424206,0.08432923462510777,0.5400106832009668
Location4_daytime_week3.csv,"([0.001, 1e-05, 1e-05], [1000.0, 1.5, 100.0])",30,5,[0.01248047 0.08028234 2.15155287],0.08005855750228452,0.10608731547922186,0.27202184446776256
Location4_daytime_week3.csv,"([0.001, 1e-05, 1e-05], [1000.0, 1.5, 100.0])",30,10,[1.63587103e-01 6.87654619e-06 1.93409623e-01],0.061686197016822576,0.08626918243213022,0.5186036505813868
Location4_daytime_week3.csv,"([0.001, 1e-05, 1e-05], [1000.0, 1.5, 100.0])",30,15,[1.66666667e+02 1.87845295e-03 1.86238356e-03],0.060342905470779605,0.08402850754969925,0.5432855757235334
Location4_daytime_week3.csv,"([0.001, 1e-05, 1e-05], [1000.0, 1.5, 100.0])",30,20,[1.00964454e+02 8.28313537e-06 2.35501759e-03],0.060531620416267466,0.08326154179452287,0.5515848001813367
Location4_daytime_week3.csv,"([0.001, 1e-05, 1e-05], [1000.0, 1.5, 100.0])",35,5,[2.66934586e+02 6.96380812e-06 2.60020428e+01],0.0003355584241064309,0.11043533936043767,0.21112613533539204
Location4_daytime_week3.csv,"([0.001, 1e-05, 1e-05], [1000.0, 1.5, 100.0])",35,10,[1.71428571e+02 2.04319589e-03 1.85696310e-03],0.06035562733431837,0.08450643196305217,0.5380755412941323
Location4_daytime_week3.csv,"([0.001, 1e-05, 1e-05], [1000.0, 1.5, 100.0])",35,15,[1.71428571e+02 1.91890850e-03 1.78817634e-03],0.060384355829219874,0.08434820873685946,0.5398036643508713
Location4_daytime_week3.csv,"([0.001, 1e-05, 1e-05], [1000.0, 1.5, 100.0])",35,20,[1.71428571e+02 1.83523580e-03 1.87637187e-03],0.060327752507051226,0.08438530606407416,0.5393987758879943
Location4_daytime_week3.csv,"([0.001, 1e-05, 1e-05], [1000.0, 1.5, 100.0])",40,5,[2.25000000e+02 4.69881574e-03 2.25000000e+01],0.00462688195250291,0.10891954330181526,0.2326331191058244
Location4_daytime_week3.csv,"([0.001, 1e-05, 1e-05], [1000.0, 1.5, 100.0])",40,10,[3.58951726 0.03589517 0.03589517],0.05939544067104473,0.08180223273400157,0.5671656262273284
Location4_daytime_week3.csv,"([0.001, 1e-05, 1e-05], [1000.0, 1.5, 100.0])",40,15,[1.50000000e+02 8.27365873e-05 1.92478655e-03],0.06056295270506097,0.08335282669337488,0.5506010092428109
Location4_daytime_week3.csv,"([0.001, 1e-05, 1e-05], [1000.0, 1.5, 100.0])",40,20,[2.25000000e+02 1.62016454e-03 1.58727239e-03],0.06047118986893285,0.08452005177589789,0.5379266335361459
Location4_daytime_week3.csv,"([0.1, 0.001, 0.001], [10.0, 0.5, 1.0])",10,5,[1.17601428 0.05377477 0.00573725],0.07234803407933274,0.0905827645678335,0.46925908324295906
Location4_daytime_week3.csv,"([0.1, 0.001, 0.001], [10.0, 0.5, 1.0])",10,10,[1.03580885e+00 9.99868296e-04 6.39063461e-02],0.06037136318851693,0.08455661988687858,0.5375267093733465
Location4_daytime_week3.csv,"([0.1, 0.001, 0.001], [10.0, 0.5, 1.0])",10,15,[0.52402453 0.03115978 0.23002872],0.05917504884003693,0.08325967383007633,0.55160492025686
Location4_daytime_week3.csv,"([0.1, 0.001, 0.001], [10.0, 0.5, 1.0])",10,20,[0.74760202 0.04214773 0.1424994 ],0.05989263410543312,0.08237743723325358,0.5610571472893964
Location4_daytime_week3.csv,"([0.1, 0.001, 0.001], [10.0, 0.5, 1.0])",25,5,[0.34929484 0.01414802 0.16      ],0.06041787098828755,0.08501429399945273,0.5325067623161232
Location4_daytime_week3.csv,"([0.1, 0.001, 0.001], [10.0, 0.5, 1.0])",25,10,[2.8        0.02815955 0.08916772],0.058910974811490296,0.08522026307271047,0.5302387721454219
Location4_daytime_week3.csv,"([0.1, 0.001, 0.001], [10.0, 0.5, 1.0])",25,15,[0.62059978 0.03147078 0.2       ],0.05914876775662543,0.08373201842413591,0.5465028639991278
Location4_daytime_week3.csv,"([0.1, 0.001, 0.001], [10.0, 0.5, 1.0])",25,20,[1.2       0.0317529 0.12     ],0.059428211269771845,0.08348542954353448,0.5491700082702751
Location4_daytime_week3.csv,"([0.1, 0.001, 0.001], [10.0, 0.5, 1.0])",30,5,[1.33333333 0.02161758 0.13333333],0.05905428885796376,0.08588270747151985,0.522907178100241
Location4_daytime_week3.csv,"([0.1, 0.001, 0.001], [10.0, 0.5, 1.0])",30,10,[5.5676343  0.02823766 0.04661562],0.059080571380253806,0.08357424402626071,0.5482102831835145
Location4_daytime_week3.csv,"([0.1, 0.001, 0.001], [10.0, 0.5, 1.0])",30,15,[0.88482345 0.03470566 0.11922913],0.059462070548051825,0.0819068530331937,0.5660577782505767
Location4_daytime_week3.csv,"([0.1, 0.001, 0.001], [10.0, 0.5, 1.0])",30,20,[0.14287503 0.02157813 0.3       ],0.06160734631050408,0.08458109329173877,0.5372589613476308
Location4_daytime_week3.csv,"([0.1, 0.001, 0.001], [10.0, 0.5, 1.0])",35,5,[2.63571620e+00 1.09425705e-03 2.52368787e-02],0.060517279745897885,0.08248985340794462,0.5598583252127911
Location4_daytime_week3.csv,"([0.1, 0.001, 0.001], [10.0, 0.5, 1.0])",35,10,[0.15333785 0.02080781 0.32152455],0.06090347964751335,0.08529239095340141,0.5294432519416024
Location4_daytime_week3.csv,"([0.1, 0.001, 0.001], [10.0, 0.5, 1.0])",35,15,[0.64917039 0.01282828 0.08571429],0.060456758870853146,0.0837928065195892,0.5458441617633217
Location4_daytime_week3.csv,"([0.1, 0.001, 0.001], [10.0, 0.5, 1.0])",35,20,[1.03342475 0.02657528 0.16973196],0.05902436761184627,0.08671905308437045,0.5135698540246316
Location4_daytime_week3.csv,"([0.1, 0.001, 0.001], [10.0, 0.5, 1.0])",40,5,[0.58241883 0.00101715 0.11383392],0.06081500568591006,0.08666089621024635,0.5142220698843329
Location4_daytime_week3.csv,"([0.1, 0.001, 0.001], [10.0, 0.5, 1.0])",40,10,[1.67497348e+00 1.11077936e-03 4.50420745e-02],0.06031534982430466,0.08420246643596922,0.5413926045266801
Location4_daytime_week3.csv,"([0.1, 0.001, 0.001], [10.0, 0.5, 1.0])",40,15,[1.4878446  0.00171482 0.05719305],0.060617099827891666,0.08622035613946036,0.5191484140022881
Location4_daytime_week3.csv,"([0.1, 0.001, 0.001], [10.0, 0.5, 1.0])",40,20,[5.71353524e+00 1.47784640e-03 1.55202016e-02],0.06038345665445881,0.08265083126476659,0.558138787718592
Location4_daytime_week4.csv,"([0.01, 0.0001, 0.0001], [100.0, 1.0, 10.0])",10,5,[30.          0.03631469  0.13257148],0.054357520176321956,0.0367170730117632,0.9287398099556224
Location4_daytime_week4.csv,"([0.01, 0.0001, 0.0001], [100.0, 1.0, 10.0])",10,10,[6.55103237 0.01794891 0.19999844],0.05575458824927444,0.03737419465610878,0.9261663129472105
Location4_daytime_week4.csv,"([0.01, 0.0001, 0.0001], [100.0, 1.0, 10.0])",10,15,[2.00000000e+01 2.00000000e-05 5.21565839e-02],0.06377849926480494,0.044983384777514554,0.893041542351203
Location4_daytime_week4.csv,"([0.01, 0.0001, 0.0001], [100.0, 1.0, 10.0])",10,20,[0.39216715 0.02230893 0.34056179],0.05999071983367174,0.04281259556934855,0.9031155704187311
Location4_daytime_week4.csv,"([0.01, 0.0001, 0.0001], [100.0, 1.0, 10.0])",25,5,[3.20000000e+01 9.66322435e-05 4.99076282e-02],0.06235617187927795,0.04580510560085188,0.8890981866130906
Location4_daytime_week4.csv,"([0.01, 0.0001, 0.0001], [100.0, 1.0, 10.0])",25,10,[8.         0.04272317 0.8       ],0.043703807272625725,0.041804950165722464,0.9076224818453071
Location4_daytime_week4.csv,"([0.01, 0.0001, 0.0001], [100.0, 1.0, 10.0])",25,15,[2.24625281e-01 8.20599659e-05 4.38542284e-01],0.060566428444972675,0.04483339061361413,0.8937536451463456
Location4_daytime_week4.csv,"([0.01, 0.0001, 0.0001], [100.0, 1.0, 10.0])",25,20,[12.          0.01848901  0.14944504],0.056085360160637115,0.036912151045432065,0.9279805867687257
Location4_daytime_week4.csv,"([0.01, 0.0001, 0.0001], [100.0, 1.0, 10.0])",30,5,[0.14025583 0.04314368 0.28440203],0.06292543068534381,0.04672599465292137,0.8845941085785073
Location4_daytime_week4.csv,"([0.01, 0.0001, 0.0001], [100.0, 1.0, 10.0])",30,10,[0.22306744 0.04597087 0.45299527],0.06088768443236809,0.04488658098448357,0.8935013940770345
Location4_daytime_week4.csv,"([0.01, 0.0001, 0.0001], [100.0, 1.0, 10.0])",30,15,[4.25813506 0.02293942 0.42581352],0.05079223520105323,0.03780900999683258,0.9244383415020011
Location4_daytime_week4.csv,"([0.01, 0.0001, 0.0001], [100.0, 1.0, 10.0])",30,20,[19.10958021  0.05005265  0.08338004],0.059692385770482366,0.0416721666008655,0.9082083806804104
Location4_daytime_week4.csv,"([0.01, 0.0001, 0.0001], [100.0, 1.0, 10.0])",35,5,[5.71428571e+00 5.85430887e-05 1.23430186e-01],0.06193318013152779,0.04565089562456625,0.8898436658449036
Location4_daytime_week4.csv,"([0.01, 0.0001, 0.0001], [100.0, 1.0, 10.0])",35,10,[1.89346628e+00 5.60023343e-04 1.88919255e-01],0.06079376924801293,0.0444008216181053,0.8957939621649533
Location4_daytime_week4.csv,"([0.01, 0.0001, 0.0001], [100.0, 1.0, 10.0])",35,15,[8.57142857 0.03545223 0.19604965],0.054202916191665944,0.03590547344791696,0.9318552840766335
Location4_daytime_week4.csv,"([0.01, 0.0001, 0.0001], [100.0, 1.0, 10.0])",35,20,[0.37568987 0.00882535 0.526532  ],0.05883791985668504,0.04289057202178197,0.9027623293283135
Location4_daytime_week4.csv,"([0.01, 0.0001, 0.0001], [100.0, 1.0, 10.0])",40,5,[0.55649937 0.02760224 0.1758096 ],0.06177561598180812,0.04597713146694507,0.8882636156662806
Location4_daytime_week4.csv,"([0.01, 0.0001, 0.0001], [100.0, 1.0, 10.0])",40,10,[22.5         0.04933063  0.08303135],0.059340510015928834,0.04104326649492988,0.9109580412505363
Location4_daytime_week4.csv,"([0.01, 0.0001, 0.0001], [100.0, 1.0, 10.0])",40,15,[35.          0.04955901  0.07190239],0.05945556931212338,0.041077620173008214,0.9108089206165084
Location4_daytime_week4.csv,"([0.01, 0.0001, 0.0001], [100.0, 1.0, 10.0])",40,20,[17.5         0.03567493  0.16503524],0.05412892609221806,0.03600899617236032,0.9314617676691199
Location4_daytime_week4.csv,"([0.001, 1e-05, 1e-05], [1000.0, 1.5, 100.0])",10,5,[23.36740607  1.08856934 13.5083461 ],0.13650375862738354,0.14133243039852156,-0.05583128093943013
Location4_daytime_week4.csv,"([0.001, 1e-05, 1e-05], [1000.0, 1.5, 100.0])",10,10,[1.88716158e+02 2.92620223e-02 8.19541005e+00],0.02486917184893914,0.051466883650935734,0.8599875630788544
Location4_daytime_week4.csv,"([0.001, 1e-05, 1e-05], [1000.0, 1.5, 100.0])",10,15,[4.24075462e-02 2.00000000e-06 1.45291922e-01],0.07051695874181663,0.04801068254499159,0.8781609145636856
Location4_daytime_week4.csv,"([0.001, 1e-05, 1e-05], [1000.0, 1.5, 100.0])",10,20,[3.67809940e+01 1.24982324e-02 1.14967488e-01],0.05646416907860215,0.03794417861580555,0.9238971042696572
Location4_daytime_week4.csv,"([0.001, 1e-05, 1e-05], [1000.0, 1.5, 100.0])",25,5,[8.00000000e+01 3.83476651e-02 8.00000000e+00],0.03166050030203015,0.05097013071570608,0.8626772902119861
Location4_daytime_week4.csv,"([0.001, 1e-05, 1e-05], [1000.0, 1.5, 100.0])",25,10,[6.80000000e+02 5.48588272e-04 5.53796509e-04],0.07469787338526061,0.06214735543800117,0.7958468075314177
Location4_daytime_week4.csv,"([0.001, 1e-05, 1e-05], [1000.0, 1.5, 100.0])",25,15,[4.94485059e+02 4.88908724e-02 1.12908637e-05],0.08122716613741822,0.06023339155718433,0.8082278640909106
Location4_daytime_week4.csv,"([0.001, 1e-05, 1e-05], [1000.0, 1.5, 100.0])",25,20,[1.41009691e-01 1.74638389e-05 5.80508662e-01],0.06082581498025827,0.04557063878702482,0.8902306474181273
Location4_daytime_week4.csv,"([0.001, 1e-05, 1e-05], [1000.0, 1.5, 100.0])",30,5,[5.33333333e+02 5.18432096e-04 5.18432096e-04],0.07486934799483916,0.0625520148101075,0.7931795513297477
Location4_daytime_week4.csv,"([0.001, 1e-05, 1e-05], [1000.0, 1.5, 100.0])",30,10,[7.00000000e+02 4.85929433e-04 5.30902493e-04],0.07470564680438813,0.06224232668601272,0.7952223723365338
Location4_daytime_week4.csv,"([0.001, 1e-05, 1e-05], [1000.0, 1.5, 100.0])",30,15,[1.66666667e+02 2.37502564e-03 1.14375711e-03],0.07458679553295308,0.06091396171999928,0.8038697589294008
Location4_daytime_week4.csv,"([0.001, 1e-05, 1e-05], [1000.0, 1.5, 100.0])",30,20,[6.66666667e+01 5.83250489e-02 3.88716028e+00],0.04368842068736547,0.052635595195271126,0.853556551746514
Location4_daytime_week4.csv,"([0.001, 1e-05, 1e-05], [1000.0, 1.5, 100.0])",35,5,[5.71428571e+01 3.12585422e-02 4.94635690e-02],0.060251993445577676,0.04078843999715218,0.912060283524741
Location4_daytime_week4.csv,"([0.001, 1e-05, 1e-05], [1000.0, 1.5, 100.0])",35,10,[8.40437614e-01 1.35809385e-04 2.55071033e-01],0.06053028631838732,0.04429930776587037,0.8962699111795636
Location4_daytime_week4.csv,"([0.001, 1e-05, 1e-05], [1000.0, 1.5, 100.0])",35,15,[1.01488541e+01 2.05006700e-03 9.54127035e-02],0.062019108236430684,0.04480799657196575,0.8938739688707134
Location4_daytime_week4.csv,"([0.001, 1e-05, 1e-05], [1000.0, 1.5, 100.0])",35,20,[2.15866418e-01 7.16886202e-06 4.60184522e-01],0.06059324609815628,0.04495249066379045,0.8931884077799264
Location4_daytime_week4.csv,"([0.001, 1e-05, 1e-05], [1000.0, 1.5, 100.0])",40,5,[4.20496875e+01 4.14595311e-02 5.00000000e+00],0.03360277391532354,0.046840641167140686,0.8840270959396952
Location4_daytime_week4.csv,"([0.001, 1e-05, 1e-05], [1000.0, 1.5, 100.0])",40,10,[7.87489390e+00 5.90326984e-04 1.23003003e-01],0.06155969734440774,0.045199902839125165,0.8920094202833375
Location4_daytime_week4.csv,"([0.001, 1e-05, 1e-05], [1000.0, 1.5, 100.0])",40,15,[5.50000000e+02 1.45477131e-05 1.45844905e-05],0.08063628376974512,0.06306825258242744,0.7897517127564282
Location4_daytime_week4.csv,"([0.001, 1e-05, 1e-05], [1000.0, 1.5, 100.0])",40,20,[6.22673359e+02 1.30225244e-05 1.30225244e-05],0.08053300136664872,0.06241207722232566,0.7941038886570917
Location4_daytime_week4.csv,"([0.1, 0.001, 0.001], [10.0, 0.5, 1.0])",10,5,[0.23563679 0.01936091 0.4       ],0.0604292601917292,0.04289681337230935,0.9027340276053217
Location4_daytime_week4.csv,"([0.1, 0.001, 0.001], [10.0, 0.5, 1.0])",10,10,[2.         0.06040914 0.18727961],0.05919209638988293,0.04451814097634898,0.8952425517866122
Location4_daytime_week4.csv,"([0.1, 0.001, 0.001], [10.0, 0.5, 1.0])",10,15,[3.25677494 0.03300705 0.25924038],0.055336742582388236,0.03730506970166194,0.9264391766444066
Location4_daytime_week4.csv,"([0.1, 0.001, 0.001], [10.0, 0.5, 1.0])",10,20,[2.         0.05931693 0.18659031],0.059094838434516246,0.043946997474903805,0.8979132712489808
Location4_daytime_week4.csv,"([0.1, 0.001, 0.001], [10.0, 0.5, 1.0])",25,5,[8.8        0.06121738 0.06849972],0.0630130427323523,0.04958547065152352,0.8700369934749491
Location4_daytime_week4.csv,"([0.1, 0.001, 0.001], [10.0, 0.5, 1.0])",25,10,[1.71042566 0.05926403 0.23511543],0.0587556331860005,0.04232680225744609,0.9053017859517816
Location4_daytime_week4.csv,"([0.1, 0.001, 0.001], [10.0, 0.5, 1.0])",25,15,[2.62760948 0.03180706 0.28      ],0.05517838860508424,0.03752321899543134,0.9255763361986171
Location4_daytime_week4.csv,"([0.1, 0.001, 0.001], [10.0, 0.5, 1.0])",25,20,[0.29356159 0.00105334 0.40128112],0.06028978590148329,0.04458985811098528,0.8949047589065523
Location4_daytime_week4.csv,"([0.1, 0.001, 0.001], [10.0, 0.5, 1.0])",30,5,[0.68056446 0.0200141  0.33333333],0.05888745284248236,0.04121763585025456,0.9101998574499139
Location4_daytime_week4.csv,"([0.1, 0.001, 0.001], [10.0, 0.5, 1.0])",30,10,[2.03739008 0.01396467 0.26666667],0.05697656520420522,0.03932712383551307,0.9182485919527267
Location4_daytime_week4.csv,"([0.1, 0.001, 0.001], [10.0, 0.5, 1.0])",30,15,[2.23581688 0.01406274 0.23333333],0.05720160692568128,0.03973578974738392,0.9165407326170312
Location4_daytime_week4.csv,"([0.1, 0.001, 0.001], [10.0, 0.5, 1.0])",30,20,[0.95159162 0.01569091 0.31429648],0.05741806763084405,0.04024457718833157,0.9143897809838966
Location4_daytime_week4.csv,"([0.1, 0.001, 0.001], [10.0, 0.5, 1.0])",35,5,[2.84349944 0.03086017 0.26644821],0.055536571266788376,0.037764246454362695,0.9246171562992318
Location4_daytime_week4.csv,"([0.1, 0.001, 0.001], [10.0, 0.5, 1.0])",35,10,[2.81390586 0.03098088 0.26316201],0.05574955672681947,0.03795476307991355,0.9238546408011961
Location4_daytime_week4.csv,"([0.1, 0.001, 0.001], [10.0, 0.5, 1.0])",35,15,[1.71428571 0.05976501 0.17142857],0.060090576801171317,0.04650463243783697,0.8856849785006811
Location4_daytime_week4.csv,"([0.1, 0.001, 0.001], [10.0, 0.5, 1.0])",35,20,[2.85714286 0.05961227 0.20782344],0.05801210961770071,0.04084300281315146,0.9118248517269906
Location4_daytime_week4.csv,"([0.1, 0.001, 0.001], [10.0, 0.5, 1.0])",40,5,[6.25       0.01839817 0.19279831],0.05590296046434687,0.037095871432720195,0.9272618877992209
Location4_daytime_week4.csv,"([0.1, 0.001, 0.001], [10.0, 0.5, 1.0])",40,10,[6.5        0.01940094 0.19381397],0.05589770589198257,0.036979323865539045,0.9277182260650619
Location4_daytime_week4.csv,"([0.1, 0.001, 0.001], [10.0, 0.5, 1.0])",40,15,[2.12596117 0.01386648 0.25512629],0.057029485302791734,0.03931656471563961,0.9182924856804077
Location4_daytime_week4.csv,"([0.1, 0.001, 0.001], [10.0, 0.5, 1.0])",40,20,[0.93854679 0.01924546 0.29116855],0.05860026651662183,0.040660854677399494,0.9126095699980312
Location4_nighttime_week1.csv,"([0.01, 0.0001, 0.0001], [100.0, 1.0, 10.0])",10,5,[3.0000000e+01 6.0086491e-05 2.2994017e+00],0.021948172640522057,0.09722771361012415,0.8295207676284793
Location4_nighttime_week1.csv,"([0.01, 0.0001, 0.0001], [100.0, 1.0, 10.0])",10,10,[6.6314852  0.06876566 1.52800812],0.05953473327566268,0.07884793798579696,0.8878828587854029
Location4_nighttime_week1.csv,"([0.01, 0.0001, 0.0001], [100.0, 1.0, 10.0])",10,15,[4.57579229e+00 9.80496181e-05 3.00000000e+00],0.025433651193532237,0.086413884780527,0.8653338655421632
Location4_nighttime_week1.csv,"([0.01, 0.0001, 0.0001], [100.0, 1.0, 10.0])",10,20,[3.00000000e+01 8.66157899e-03 2.42428530e+00],0.022538795039050565,0.08702107393479332,0.863434747403415
Location4_nighttime_week1.csv,"([0.01, 0.0001, 0.0001], [100.0, 1.0, 10.0])",25,5,[2.40000000e+01 1.38889387e-04 2.40000000e+00],0.022175966544821336,0.09709220234533848,0.8299956478127082
Location4_nighttime_week1.csv,"([0.01, 0.0001, 0.0001], [100.0, 1.0, 10.0])",25,10,[5.54626287e+00 2.12737566e-04 2.80000000e+00],0.025427673035520647,0.08640731165722933,0.8653543516814521
Location4_nighttime_week1.csv,"([0.01, 0.0001, 0.0001], [100.0, 1.0, 10.0])",25,15,[72.          0.0855954   1.34403238],0.06707862243915684,0.08462377367201167,0.8708554416777049
Location4_nighttime_week1.csv,"([0.01, 0.0001, 0.0001], [100.0, 1.0, 10.0])",25,20,[1.52620275e+01 1.22110996e-04 2.78370684e+00],0.02211623691128252,0.09777455482772325,0.827597710260537
Location4_nighttime_week1.csv,"([0.01, 0.0001, 0.0001], [100.0, 1.0, 10.0])",30,5,[2.39598843e+01 8.65602904e-05 2.49463050e+00],0.021756537392861652,0.09850807501126618,0.8250012285276234
Location4_nighttime_week1.csv,"([0.01, 0.0001, 0.0001], [100.0, 1.0, 10.0])",30,10,[27.48077333  0.10611436  0.06780509],0.10009896624738185,0.09580605980736277,0.8344697793956245
Location4_nighttime_week1.csv,"([0.01, 0.0001, 0.0001], [100.0, 1.0, 10.0])",30,15,[60.01474149  0.09082372  1.3985465 ],0.07058095592417162,0.08597222795755546,0.8667068908921397
Location4_nighttime_week1.csv,"([0.01, 0.0001, 0.0001], [100.0, 1.0, 10.0])",30,20,[1.52880234e+01 1.12637819e-04 2.66666667e+00],0.022555174963850424,0.09679242229079578,0.8310438316036157
Location4_nighttime_week1.csv,"([0.01, 0.0001, 0.0001], [100.0, 1.0, 10.0])",35,5,[8.33870339e+00 8.52502273e-04 2.85714286e+00],0.024031508179826376,0.0918581387290667,0.8478308489754129
Location4_nighttime_week1.csv,"([0.01, 0.0001, 0.0001], [100.0, 1.0, 10.0])",35,10,[9.99991907 0.06718122 0.17358883],0.08001437194413816,0.08168007395181612,0.8796839460985607
Location4_nighttime_week1.csv,"([0.01, 0.0001, 0.0001], [100.0, 1.0, 10.0])",35,15,[1.48136234e+01 8.09378980e-05 2.79455786e+00],0.02220545858986571,0.09769816893480152,0.8278669819277533
Location4_nighttime_week1.csv,"([0.01, 0.0001, 0.0001], [100.0, 1.0, 10.0])",35,20,[13.28812509  0.05973921  1.35124209],0.051950279887084824,0.07827256625934793,0.8895131782596812
Location4_nighttime_week1.csv,"([0.01, 0.0001, 0.0001], [100.0, 1.0, 10.0])",40,5,[16.37005641  0.06668073  0.15046802],0.08086404313242332,0.0804986530210257,0.8831392789000253
Location4_nighttime_week1.csv,"([0.01, 0.0001, 0.0001], [100.0, 1.0, 10.0])",40,10,[2.27359668e+01 7.05764752e-03 2.53401006e+00],0.021967237809115428,0.09029358985807806,0.8529702648960509
Location4_nighttime_week1.csv,"([0.01, 0.0001, 0.0001], [100.0, 1.0, 10.0])",40,15,[3.51841438 0.03843649 2.15947489],0.03942914492979854,0.07558708648345114,0.896964579830647
Location4_nighttime_week1.csv,"([0.01, 0.0001, 0.0001], [100.0, 1.0, 10.0])",40,20,[1.77847258e+01 1.09355102e-04 2.56798454e+00],0.02245322957902971,0.09693035452669947,0.8305619528294786
Location4_nighttime_week1.csv,"([0.001, 1e-05, 1e-05], [1000.0, 1.5, 100.0])",10,5,[1.77304655e+00 3.87021709e-06 3.79569568e+00],0.02649621973986071,0.08158203339271757,0.879972603376739
Location4_nighttime_week1.csv,"([0.001, 1e-05, 1e-05], [1000.0, 1.5, 100.0])",10,10,[1.35882225e+01 7.45563977e-06 2.84370866e+00],0.022328478795952986,0.0974091538291647,0.8288838987854379
Location4_nighttime_week1.csv,"([0.001, 1e-05, 1e-05], [1000.0, 1.5, 100.0])",10,15,[1.78733898e-01 3.28508140e-06 1.16717938e+00],0.07832704940969906,0.08550411918291544,0.8681544701130013
Location4_nighttime_week1.csv,"([0.001, 1e-05, 1e-05], [1000.0, 1.5, 100.0])",10,20,[1.35152474e+01 2.00104898e-03 2.73828736e+00],0.022487952878866093,0.09398220125096089,0.8407121828834638
Location4_nighttime_week1.csv,"([0.001, 1e-05, 1e-05], [1000.0, 1.5, 100.0])",25,5,[8.00000000e+01 6.65542332e-03 3.21019109e+00],0.017089197113855925,0.0903841206807604,0.8526752850254741
Location4_nighttime_week1.csv,"([0.001, 1e-05, 1e-05], [1000.0, 1.5, 100.0])",25,10,[5.42318744e+02 1.18122729e-05 1.18122729e-05],0.12473140319596838,0.14177366732850177,0.63752130781495
Location4_nighttime_week1.csv,"([0.001, 1e-05, 1e-05], [1000.0, 1.5, 100.0])",25,15,[8.00000000e+01 1.59781117e-05 3.51036486e+00],0.015348270388266888,0.10023516735883797,0.818811105712759
Location4_nighttime_week1.csv,"([0.001, 1e-05, 1e-05], [1000.0, 1.5, 100.0])",25,20,[85.39431072  0.09021931  1.08440971],0.06980407998977296,0.08191834717203991,0.8789809617152933
Location4_nighttime_week1.csv,"([0.001, 1e-05, 1e-05], [1000.0, 1.5, 100.0])",30,5,[2.59764360e+01 3.04186539e-04 2.39179372e+00],0.02194438859049116,0.097413085828895,0.8288700840253869
Location4_nighttime_week1.csv,"([0.001, 1e-05, 1e-05], [1000.0, 1.5, 100.0])",30,10,[4.09471019e+00 1.08744829e-05 3.11944839e+00],0.025513810689513097,0.08643903544177181,0.8652554652892335
Location4_nighttime_week1.csv,"([0.001, 1e-05, 1e-05], [1000.0, 1.5, 100.0])",30,15,[1.04189317e+00 1.03622538e-05 4.62328191e+00],0.026717221624542292,0.07865783175128155,0.888422846851917
Location4_nighttime_week1.csv,"([0.001, 1e-05, 1e-05], [1000.0, 1.5, 100.0])",30,20,[6.66666667e+01 3.93052662e-05 3.67085577e+00],0.015415018285510644,0.09812823347278435,0.8263481972270827
Location4_nighttime_week1.csv,"([0.001, 1e-05, 1e-05], [1000.0, 1.5, 100.0])",35,5,[3.42857143e+02 1.85614002e-05 1.85614002e-05],0.1247067239914952,0.1417335074828394,0.6377266354591405
Location4_nighttime_week1.csv,"([0.001, 1e-05, 1e-05], [1000.0, 1.5, 100.0])",35,10,[1.96162403e+01 8.06645813e-06 2.56191489e+00],0.022199416421260346,0.09756853542278705,0.8283234777617758
Location4_nighttime_week1.csv,"([0.001, 1e-05, 1e-05], [1000.0, 1.5, 100.0])",35,15,[1.42857143e+02 9.20712521e-02 8.55829436e-01],0.07156013443156659,0.07963250455080975,0.8856405428329807
Location4_nighttime_week1.csv,"([0.001, 1e-05, 1e-05], [1000.0, 1.5, 100.0])",35,20,[4.27834604e+01 9.08019866e-06 2.51953604e+00],0.020575550285398616,0.1032226750616701,0.8078494841765257
Location4_nighttime_week1.csv,"([0.001, 1e-05, 1e-05], [1000.0, 1.5, 100.0])",40,5,[6.11327003e+01 2.26711451e-02 1.71487043e+00],0.029281872285356128,0.08823510802001114,0.8595977141648544
Location4_nighttime_week1.csv,"([0.001, 1e-05, 1e-05], [1000.0, 1.5, 100.0])",40,10,[8.00000000e+02 1.22205286e-01 2.64436823e-05],0.11887393948316903,0.12779732478503927,0.7054663899796756
Location4_nighttime_week1.csv,"([0.001, 1e-05, 1e-05], [1000.0, 1.5, 100.0])",40,15,[1.51500174e+01 1.12380439e-05 2.80227222e+00],0.022119610097703853,0.09776119402195546,0.8276448242797237
Location4_nighttime_week1.csv,"([0.001, 1e-05, 1e-05], [1000.0, 1.5, 100.0])",40,20,[2.37723086e+01 1.00236682e-05 2.39813460e+00],0.022244840973143908,0.09696923767583356,0.8304259870359187
Location4_nighttime_week1.csv,"([0.1, 0.001, 0.001], [10.0, 0.5, 1.0])",10,5,[10.          0.07739532  1.        ],0.06420090298326808,0.08236540672360292,0.8776564636412364
Location4_nighttime_week1.csv,"([0.1, 0.001, 0.001], [10.0, 0.5, 1.0])",10,10,[0.72319221 0.04466809 0.62174947],0.07322298733856915,0.07905196546001146,0.8873018778885409
Location4_nighttime_week1.csv,"([0.1, 0.001, 0.001], [10.0, 0.5, 1.0])",10,15,[0.33836263 0.04516901 0.8       ],0.0734957943419419,0.07783306432346071,0.8907504659589496
Location4_nighttime_week1.csv,"([0.1, 0.001, 0.001], [10.0, 0.5, 1.0])",10,20,[7.93327867e-01 5.00000000e-04 5.00000000e-01],0.07844727623817806,0.0782937107891585,0.889453476436763
Location4_nighttime_week1.csv,"([0.1, 0.001, 0.001], [10.0, 0.5, 1.0])",25,5,[6.80000000e+00 1.28019855e-01 1.14564304e-03],0.12039784146620745,0.12800473670322018,0.7045095725387358
Location4_nighttime_week1.csv,"([0.1, 0.001, 0.001], [10.0, 0.5, 1.0])",25,10,[2.14510128 0.05719695 0.36796709],0.07406340292124067,0.07589178117576673,0.8961322254413793
Location4_nighttime_week1.csv,"([0.1, 0.001, 0.001], [10.0, 0.5, 1.0])",25,15,[3.2        0.05731467 0.32      ],0.07392165227349425,0.076931566504901,0.893266564994545
Location4_nighttime_week1.csv,"([0.1, 0.001, 0.001], [10.0, 0.5, 1.0])",25,20,[3.2        0.05516129 0.32      ],0.07366456617863443,0.07739085803759577,0.8919883355664603
Location4_nighttime_week1.csv,"([0.1, 0.001, 0.001], [10.0, 0.5, 1.0])",30,5,[3.33333333 0.01252162 0.30961067],0.07746029880293455,0.07975999325049972,0.8852740791828619
Location4_nighttime_week1.csv,"([0.1, 0.001, 0.001], [10.0, 0.5, 1.0])",30,10,[3.33333333 0.05289693 0.33333333],0.0731758118714546,0.07817030070179619,0.8898016986371464
Location4_nighttime_week1.csv,"([0.1, 0.001, 0.001], [10.0, 0.5, 1.0])",30,15,[0.85837348 0.06405141 0.53333333],0.07434264455725885,0.07298641448311094,0.9039327423962129
Location4_nighttime_week1.csv,"([0.1, 0.001, 0.001], [10.0, 0.5, 1.0])",30,20,[2.92728751 0.05978316 0.32728715],0.0743644616210844,0.07626135415528731,0.8951181448930727
Location4_nighttime_week1.csv,"([0.1, 0.001, 0.001], [10.0, 0.5, 1.0])",35,5,[2.35197733 0.01284188 0.35060283],0.07717565536118795,0.07952205779423176,0.8859575458491826
Location4_nighttime_week1.csv,"([0.1, 0.001, 0.001], [10.0, 0.5, 1.0])",35,10,[1.11093953 0.03564324 0.53928231],0.07394763317378501,0.07918775900993724,0.8869143651397824
Location4_nighttime_week1.csv,"([0.1, 0.001, 0.001], [10.0, 0.5, 1.0])",35,15,[0.60915581 0.06765061 0.56415586],0.07563679218393168,0.0730836383356196,0.9036766330972368
Location4_nighttime_week1.csv,"([0.1, 0.001, 0.001], [10.0, 0.5, 1.0])",35,20,[1.06015675 0.03297107 0.57213829],0.07394767980334474,0.0786959035349038,0.8883148100760071
Location4_nighttime_week1.csv,"([0.1, 0.001, 0.001], [10.0, 0.5, 1.0])",40,5,[0.45212436 0.00085245 0.66747094],0.07800503658103122,0.0807989410480916,0.8822657903005768
Location4_nighttime_week1.csv,"([0.1, 0.001, 0.001], [10.0, 0.5, 1.0])",40,10,[3.25       0.05398157 0.325     ],0.07344958335392142,0.07786129732314274,0.8906711936982818
Location4_nighttime_week1.csv,"([0.1, 0.001, 0.001], [10.0, 0.5, 1.0])",40,15,[3.25       0.05578967 0.325     ],0.0736106579730133,0.07738895371622512,0.8919936510880976
Location4_nighttime_week1.csv,"([0.1, 0.001, 0.001], [10.0, 0.5, 1.0])",40,20,[3.25       0.04565564 0.3079343 ],0.07376077762812648,0.07726267281115619,0.8923458463530812
Location4_nighttime_week2.csv,"([0.01, 0.0001, 0.0001], [100.0, 1.0, 10.0])",10,5,[4.32394288 0.01613032 0.45213928],0.05671548193969211,0.06661630487910215,0.9193540693907004
Location4_nighttime_week2.csv,"([0.01, 0.0001, 0.0001], [100.0, 1.0, 10.0])",10,10,[4.67973322e+00 8.47481326e-05 3.20897262e-01],0.06534149729099997,0.06382257756860824,0.9259764244502036
Location4_nighttime_week2.csv,"([0.01, 0.0001, 0.0001], [100.0, 1.0, 10.0])",10,15,[7.68297407e+00 9.61164525e-05 2.99868208e-01],0.06335858037692076,0.06614981632259391,0.9204795801245088
Location4_nighttime_week2.csv,"([0.01, 0.0001, 0.0001], [100.0, 1.0, 10.0])",10,20,[4.39813752e-01 1.53147102e-04 4.72641054e-01],0.06988574050331596,0.06601229808670567,0.9208098649719367
Location4_nighttime_week2.csv,"([0.01, 0.0001, 0.0001], [100.0, 1.0, 10.0])",25,5,[7.15850165e+00 1.29007866e-04 3.15679407e-01],0.06319824548608467,0.0660947226025313,0.9206119841606154
Location4_nighttime_week2.csv,"([0.01, 0.0001, 0.0001], [100.0, 1.0, 10.0])",25,10,[5.48297376 0.01141056 0.34873342],0.06031998189718445,0.0643127813371905,0.9248349478458429
Location4_nighttime_week2.csv,"([0.01, 0.0001, 0.0001], [100.0, 1.0, 10.0])",25,15,[8.         0.01731584 0.30283197],0.058674664109335736,0.0646012491835766,0.9241591466150155
Location4_nighttime_week2.csv,"([0.01, 0.0001, 0.0001], [100.0, 1.0, 10.0])",25,20,[0.44370556 0.00094019 0.15828394],0.07831909711359185,0.07331427044446268,0.902321627753581
Location4_nighttime_week2.csv,"([0.01, 0.0001, 0.0001], [100.0, 1.0, 10.0])",30,5,[4.00000000e+01 1.25109204e-04 1.25109204e-04],0.09507731010181988,0.087108845380723,0.8621058336067914
Location4_nighttime_week2.csv,"([0.01, 0.0001, 0.0001], [100.0, 1.0, 10.0])",30,10,[6.66666667e+00 5.61497736e-03 3.13508223e-01],0.06224514295745556,0.0653258794455046,0.9224481951616992
Location4_nighttime_week2.csv,"([0.01, 0.0001, 0.0001], [100.0, 1.0, 10.0])",30,15,[4.14345988e-01 7.27012128e-05 1.63353686e-01],0.07849375711693497,0.07517948046435999,0.8972882758298567
Location4_nighttime_week2.csv,"([0.01, 0.0001, 0.0001], [100.0, 1.0, 10.0])",30,20,[1.14336886e+00 9.70196543e-04 6.56467524e-02],0.08238349080091478,0.0746685326897383,0.8986796658377859
Location4_nighttime_week2.csv,"([0.01, 0.0001, 0.0001], [100.0, 1.0, 10.0])",35,5,[3.83451113e-01 8.46182145e-05 5.71428571e-01],0.06908973386040893,0.0673141659533096,0.917655552971435
Location4_nighttime_week2.csv,"([0.01, 0.0001, 0.0001], [100.0, 1.0, 10.0])",35,10,[2.28571429e+01 3.89029632e-02 9.59249037e-05],0.09561983240742246,0.088956150084171,0.8561952150204202
Location4_nighttime_week2.csv,"([0.01, 0.0001, 0.0001], [100.0, 1.0, 10.0])",35,15,[5.71428571e+00 1.17916234e-04 2.97831367e-02],0.0856324417087441,0.0804330193462646,0.8824317312819903
Location4_nighttime_week2.csv,"([0.01, 0.0001, 0.0001], [100.0, 1.0, 10.0])",35,20,[4.78538947e-01 9.43860517e-05 1.46925795e-01],0.0782988196698282,0.07171563905351375,0.9065349753732813
Location4_nighttime_week2.csv,"([0.01, 0.0001, 0.0001], [100.0, 1.0, 10.0])",40,5,[5.00000000e+00 8.95836062e-05 2.93968423e-01],0.06628109871698719,0.06397903234354409,0.92561305657774
Location4_nighttime_week2.csv,"([0.01, 0.0001, 0.0001], [100.0, 1.0, 10.0])",40,10,[3.17271473e+01 3.50059710e-03 1.28762620e-04],0.0947593178568914,0.08634546633667116,0.8645121166627853
Location4_nighttime_week2.csv,"([0.01, 0.0001, 0.0001], [100.0, 1.0, 10.0])",40,15,[8.63602130e-01 1.10216760e-04 8.51456695e-02],0.08115958444520838,0.07275848544614628,0.9037969857755764
Location4_nighttime_week2.csv,"([0.01, 0.0001, 0.0001], [100.0, 1.0, 10.0])",40,20,[5.00000000e+00 1.86098951e-04 6.65107193e-02],0.08004721096943489,0.07431626407542816,0.8996334218379675
Location4_nighttime_week2.csv,"([0.001, 1e-05, 1e-05], [1000.0, 1.5, 100.0])",10,5,[5.93336264e+00 5.27611892e-06 2.84960458e-01],0.06593596805124821,0.06478885850601215,0.9237180061785399
Location4_nighttime_week2.csv,"([0.001, 1e-05, 1e-05], [1000.0, 1.5, 100.0])",10,10,[5.63829537e+02 9.00000000e-06 9.00000000e-06],0.09508664578660961,0.08704928323984794,0.8622943440559242
Location4_nighttime_week2.csv,"([0.001, 1e-05, 1e-05], [1000.0, 1.5, 100.0])",10,15,[3.00000000e+02 1.70528541e-05 1.70528541e-05],0.09510526760111548,0.08711636492193361,0.8620820255625721
Location4_nighttime_week2.csv,"([0.001, 1e-05, 1e-05], [1000.0, 1.5, 100.0])",10,20,[5.08723556e+02 1.00245450e-05 1.00245450e-05],0.09509543276598859,0.08708236644287977,0.86218965370781
Location4_nighttime_week2.csv,"([0.001, 1e-05, 1e-05], [1000.0, 1.5, 100.0])",25,5,[12.29787879  0.04921369  2.95127893],0.04172832628813902,0.09369515173994328,0.8404651321128176
Location4_nighttime_week2.csv,"([0.001, 1e-05, 1e-05], [1000.0, 1.5, 100.0])",25,10,[2.00000000e+02 3.88795669e-02 1.07699360e-05],0.09564959223853631,0.08892597280134994,0.856292766489966
Location4_nighttime_week2.csv,"([0.001, 1e-05, 1e-05], [1000.0, 1.5, 100.0])",25,15,[5.15584990e+02 9.73302655e-06 9.73302655e-06],0.09506963940750561,0.08700160223162201,0.862445158537799
Location4_nighttime_week2.csv,"([0.001, 1e-05, 1e-05], [1000.0, 1.5, 100.0])",25,20,[7.57771403e+01 7.63057568e-03 2.60322590e-01],0.047655255369039855,0.06469498126108003,0.923938906976442
Location4_nighttime_week2.csv,"([0.001, 1e-05, 1e-05], [1000.0, 1.5, 100.0])",30,5,[2.11683546e+00 4.08275074e-06 3.65483308e-01],0.06770510526577961,0.06533668800028998,0.9224225302251412
Location4_nighttime_week2.csv,"([0.001, 1e-05, 1e-05], [1000.0, 1.5, 100.0])",30,10,[5.49084458e+02 9.30024820e-06 9.30024820e-06],0.09509772713646598,0.08707920331618389,0.8621996650036954
Location4_nighttime_week2.csv,"([0.001, 1e-05, 1e-05], [1000.0, 1.5, 100.0])",30,15,[3.45743959e+01 5.32508979e-04 2.30290000e-02],0.08325246786524425,0.0823491464891605,0.8767634352355748
Location4_nighttime_week2.csv,"([0.001, 1e-05, 1e-05], [1000.0, 1.5, 100.0])",30,20,[6.66666667e+01 1.34755917e-03 1.96567433e-02],0.08344653094672508,0.08397517152087093,0.8718486521196973
Location4_nighttime_week2.csv,"([0.001, 1e-05, 1e-05], [1000.0, 1.5, 100.0])",35,5,[3.96635746 0.01366611 0.3808838 ],0.06094708450341712,0.0633282712163733,0.9271186104548939
Location4_nighttime_week2.csv,"([0.001, 1e-05, 1e-05], [1000.0, 1.5, 100.0])",35,10,[2.97964730e-01 8.53660784e-06 1.35041892e+00],0.0636512879818289,0.08457450722497518,0.8700128770870557
Location4_nighttime_week2.csv,"([0.001, 1e-05, 1e-05], [1000.0, 1.5, 100.0])",35,15,[5.12618717e+02 1.00362085e-05 1.00362085e-05],0.09509704187998774,0.08710604348250338,0.8621147043294788
Location4_nighttime_week2.csv,"([0.001, 1e-05, 1e-05], [1000.0, 1.5, 100.0])",35,20,[5.14285714e+02 1.06198601e-05 1.06198601e-05],0.09508427742711344,0.0870864610296573,0.862176693800751
Location4_nighttime_week2.csv,"([0.001, 1e-05, 1e-05], [1000.0, 1.5, 100.0])",40,5,[7.73771101e-01 5.43283311e-06 8.99808077e-02],0.08098144133837235,0.07246190676295058,0.9045796742114331
Location4_nighttime_week2.csv,"([0.001, 1e-05, 1e-05], [1000.0, 1.5, 100.0])",40,10,[5.67159068e+02 8.99031822e-06 8.99031822e-06],0.09510068490467033,0.08710090586096328,0.8621309691383383
Location4_nighttime_week2.csv,"([0.001, 1e-05, 1e-05], [1000.0, 1.5, 100.0])",40,15,[4.58465536 0.02153442 0.24225009],0.06809874997622666,0.0701415944787201,0.9105927684064474
Location4_nighttime_week2.csv,"([0.001, 1e-05, 1e-05], [1000.0, 1.5, 100.0])",40,20,[2.00000000e+02 3.90691145e-02 1.05550501e-05],0.09563278991929469,0.08891995292652251,0.8563122224542623
Location4_nighttime_week2.csv,"([0.1, 0.001, 0.001], [10.0, 0.5, 1.0])",10,5,[4.         0.05668269 0.12924512],0.07047145882205301,0.06424932760988625,0.9249831967545633
Location4_nighttime_week2.csv,"([0.1, 0.001, 0.001], [10.0, 0.5, 1.0])",10,10,[3.43088578 0.02589332 0.29674069],0.06601320438014767,0.06840825206629098,0.9149570402280047
Location4_nighttime_week2.csv,"([0.1, 0.001, 0.001], [10.0, 0.5, 1.0])",10,15,[2.83018479 0.02108561 0.3413204 ],0.06313770625838805,0.06641991528652036,0.9198288683360648
Location4_nighttime_week2.csv,"([0.1, 0.001, 0.001], [10.0, 0.5, 1.0])",10,20,[5.49960276 0.05716646 0.11114577],0.07079759947507852,0.06398103467858805,0.9256084003674485
Location4_nighttime_week2.csv,"([0.1, 0.001, 0.001], [10.0, 0.5, 1.0])",25,5,[1.48276761 0.04871419 0.00184481],0.09525890311958775,0.09027768000479054,0.8518907581060784
Location4_nighttime_week2.csv,"([0.1, 0.001, 0.001], [10.0, 0.5, 1.0])",25,10,[5.6        0.04300645 0.03766334],0.08008944578281083,0.07805237747334637,0.8892882663086188
Location4_nighttime_week2.csv,"([0.1, 0.001, 0.001], [10.0, 0.5, 1.0])",25,15,[1.63134616 0.04689956 0.28      ],0.06566845830898144,0.06556056086456884,0.9218899888518604
Location4_nighttime_week2.csv,"([0.1, 0.001, 0.001], [10.0, 0.5, 1.0])",25,20,[0.65496454 0.00548041 0.11212822],0.07882383803534751,0.07061550782980623,0.9093805227386738
Location4_nighttime_week2.csv,"([0.1, 0.001, 0.001], [10.0, 0.5, 1.0])",30,5,[1.21052864 0.04548336 0.28478933],0.06720607883219168,0.06584173594486455,0.9212185582001104
Location4_nighttime_week2.csv,"([0.1, 0.001, 0.001], [10.0, 0.5, 1.0])",30,10,[0.48845779 0.00079837 0.13333333],0.07871775814540466,0.07216864329553783,0.9053504700873677
Location4_nighttime_week2.csv,"([0.1, 0.001, 0.001], [10.0, 0.5, 1.0])",30,15,[2.         0.05121806 0.2       ],0.0686310515695498,0.06575869287465425,0.9214171594973478
Location4_nighttime_week2.csv,"([0.1, 0.001, 0.001], [10.0, 0.5, 1.0])",30,20,[0.41318371 0.00097309 0.53333333],0.06920318204604867,0.06603845030471599,0.9207471067292727
Location4_nighttime_week2.csv,"([0.1, 0.001, 0.001], [10.0, 0.5, 1.0])",35,5,[0.39842897 0.0009111  0.54285714],0.06915643490003859,0.06607218803767881,0.9206661085854237
Location4_nighttime_week2.csv,"([0.1, 0.001, 0.001], [10.0, 0.5, 1.0])",35,10,[2.         0.05776483 0.17226903],0.07104905554851379,0.06698641481395866,0.9184554673071241
Location4_nighttime_week2.csv,"([0.1, 0.001, 0.001], [10.0, 0.5, 1.0])",35,15,[0.38703148 0.003343   0.54285714],0.06898653099552,0.06648665464262542,0.9196676739763979
Location4_nighttime_week2.csv,"([0.1, 0.001, 0.001], [10.0, 0.5, 1.0])",35,20,[0.75271807 0.04373965 0.4       ],0.06578324599365762,0.06587592491625478,0.9211367208754092
Location4_nighttime_week2.csv,"([0.1, 0.001, 0.001], [10.0, 0.5, 1.0])",40,5,[2.2500000e+00 3.9281383e-02 1.0298548e-03],0.09533907876303814,0.08952655574096109,0.8543450888584956
Location4_nighttime_week2.csv,"([0.1, 0.001, 0.001], [10.0, 0.5, 1.0])",40,10,[7.5        0.05762248 0.0998505 ],0.07104253997359061,0.06432679652772111,0.9248021839911101
Location4_nighttime_week2.csv,"([0.1, 0.001, 0.001], [10.0, 0.5, 1.0])",40,15,[0.70941038 0.00377031 0.1032828 ],0.0795191973682467,0.0713065941170601,0.907598128828771
Location4_nighttime_week2.csv,"([0.1, 0.001, 0.001], [10.0, 0.5, 1.0])",40,20,[2.7645481  0.05599803 0.15317074],0.07082571780574735,0.06674575851952813,0.919040330791216
Location4_nighttime_week3.csv,"([0.01, 0.0001, 0.0001], [100.0, 1.0, 10.0])",10,5,[0.00994663 0.08205957 0.44221235],0.08514960142557103,0.0773753346253098,0.3492625276878204
Location4_nighttime_week3.csv,"([0.01, 0.0001, 0.0001], [100.0, 1.0, 10.0])",10,10,[3.41211466 0.01783431 0.93391885],0.05851034531481993,0.06083498607481349,0.5977393402709941
Location4_nighttime_week3.csv,"([0.01, 0.0001, 0.0001], [100.0, 1.0, 10.0])",10,15,[2.58680637 0.01957295 1.08874931],0.05821500014806488,0.05918631591201153,0.6192469846768485
Location4_nighttime_week3.csv,"([0.01, 0.0001, 0.0001], [100.0, 1.0, 10.0])",10,20,[14.33997594  0.01676583  0.54410994],0.05840189873586699,0.06461757427337518,0.5461607666185123
Location4_nighttime_week3.csv,"([0.01, 0.0001, 0.0001], [100.0, 1.0, 10.0])",25,5,[16.         0.0820471  1.6      ],0.06493176439738019,0.0715012115613441,0.4443164541680432
Location4_nighttime_week3.csv,"([0.01, 0.0001, 0.0001], [100.0, 1.0, 10.0])",25,10,[5.81384561 0.01638027 0.79493075],0.058513577103500906,0.06367404779355226,0.559317653016336
Location4_nighttime_week3.csv,"([0.01, 0.0001, 0.0001], [100.0, 1.0, 10.0])",25,15,[1.60000000e+01 3.88189351e-03 2.71962005e-01],0.06070056063989917,0.06959528996787318,0.473545996253375
Location4_nighttime_week3.csv,"([0.01, 0.0001, 0.0001], [100.0, 1.0, 10.0])",25,20,[1.20000000e+01 1.05119510e-04 3.18801388e-01],0.06065241010015147,0.07026947397183446,0.46329685458319814
Location4_nighttime_week3.csv,"([0.01, 0.0001, 0.0001], [100.0, 1.0, 10.0])",30,5,[2.6499801  0.0264998  0.26405081],0.06058592452577659,0.05764894643901469,0.6387702711478528
Location4_nighttime_week3.csv,"([0.01, 0.0001, 0.0001], [100.0, 1.0, 10.0])",30,10,[7.38092629e+00 9.39819125e-05 3.74823426e-01],0.06068978881221601,0.07045817210098569,0.46041051282014056
Location4_nighttime_week3.csv,"([0.01, 0.0001, 0.0001], [100.0, 1.0, 10.0])",30,15,[2.66666667e+01 1.88295087e-02 5.45795962e-01],0.05770169397524226,0.06478311384431633,0.5438324655010127
Location4_nighttime_week3.csv,"([0.01, 0.0001, 0.0001], [100.0, 1.0, 10.0])",30,20,[6.60383745 0.01570692 0.82031466],0.05821170097182351,0.06328604846151263,0.5646719068526429
Location4_nighttime_week3.csv,"([0.01, 0.0001, 0.0001], [100.0, 1.0, 10.0])",35,5,[41.30338993  0.05278126  0.05656162],0.0625372684699242,0.051783781649384894,0.7085337582194677
Location4_nighttime_week3.csv,"([0.01, 0.0001, 0.0001], [100.0, 1.0, 10.0])",35,10,[0.03014604 0.05714286 0.20697867],0.0821041461697301,0.0727849871429484,0.42418316931026256
Location4_nighttime_week3.csv,"([0.01, 0.0001, 0.0001], [100.0, 1.0, 10.0])",35,15,[10.10010443  0.0163188   0.71781989],0.058140150863802184,0.06406495921862436,0.5538901179875363
Location4_nighttime_week3.csv,"([0.01, 0.0001, 0.0001], [100.0, 1.0, 10.0])",35,20,[5.9065464  0.01655111 0.85714286],0.05827510914228464,0.06289040124534495,0.5700979988546637
Location4_nighttime_week3.csv,"([0.01, 0.0001, 0.0001], [100.0, 1.0, 10.0])",40,5,[2.40990825 0.00496751 0.5187141 ],0.06047419735305792,0.06839263423872428,0.4915837785728445
Location4_nighttime_week3.csv,"([0.01, 0.0001, 0.0001], [100.0, 1.0, 10.0])",40,10,[3.53782961 0.01573386 1.02940043],0.05845001249992609,0.062367324207051954,0.5772194895754866
Location4_nighttime_week3.csv,"([0.01, 0.0001, 0.0001], [100.0, 1.0, 10.0])",40,15,[5.25000000e+01 4.20605730e-02 6.70496813e-02],0.061062663737366546,0.05467126081914844,0.6751230383531506
Location4_nighttime_week3.csv,"([0.01, 0.0001, 0.0001], [100.0, 1.0, 10.0])",40,20,[7.06656691 0.01599135 0.79301666],0.05825539303156839,0.06345624082567078,0.5623273414393242
Location4_nighttime_week3.csv,"([0.001, 1e-05, 1e-05], [1000.0, 1.5, 100.0])",10,5,[2.00398042e-03 2.00398042e-05 3.39711778e+00],0.09561689744397696,0.09156579082851335,0.08868768979359265
Location4_nighttime_week3.csv,"([0.001, 1e-05, 1e-05], [1000.0, 1.5, 100.0])",10,10,[12.73615004  0.01862055  0.83231021],0.05701439849352839,0.061308422318722446,0.5914539496579346
Location4_nighttime_week3.csv,"([0.001, 1e-05, 1e-05], [1000.0, 1.5, 100.0])",10,15,[4.00000000e+02 1.47532542e-04 1.48725094e-04],0.0794201490834089,0.06088812536239582,0.5970362849356456
Location4_nighttime_week3.csv,"([0.001, 1e-05, 1e-05], [1000.0, 1.5, 100.0])",10,20,[2.00000000e+02 2.02262534e-04 6.90522206e-02],0.060507311082380104,0.06919647461255879,0.4795623907350398
Location4_nighttime_week3.csv,"([0.001, 1e-05, 1e-05], [1000.0, 1.5, 100.0])",25,5,[80.          0.08765262  8.        ],0.06654098200354659,0.06620100254425235,0.5236459429322811
Location4_nighttime_week3.csv,"([0.001, 1e-05, 1e-05], [1000.0, 1.5, 100.0])",25,10,[80.          0.08707352  8.        ],0.06621286002997542,0.06598859244000295,0.5266978631736563
Location4_nighttime_week3.csv,"([0.001, 1e-05, 1e-05], [1000.0, 1.5, 100.0])",25,15,[80.         0.0881305  8.       ],0.0667571465201058,0.06621054323136473,0.5235086316431485
Location4_nighttime_week3.csv,"([0.001, 1e-05, 1e-05], [1000.0, 1.5, 100.0])",25,20,[1.20000000e+02 1.03299696e-04 6.62602748e-02],0.06112307311657658,0.06993277477124485,0.46842780479264046
Location4_nighttime_week3.csv,"([0.001, 1e-05, 1e-05], [1000.0, 1.5, 100.0])",30,5,[4.35347473e+01 8.57244512e-06 1.79565261e-01],0.06055615630403837,0.06872558274811592,0.48662159338812294
Location4_nighttime_week3.csv,"([0.001, 1e-05, 1e-05], [1000.0, 1.5, 100.0])",30,10,[66.66666667  0.08709315  6.66666667],0.06608316918835176,0.06517200459289908,0.5383393119804207
Location4_nighttime_week3.csv,"([0.001, 1e-05, 1e-05], [1000.0, 1.5, 100.0])",30,15,[1.00000000e+02 1.90350202e-03 7.19317106e-02],0.06115146628762056,0.06982199605490777,0.4701105707064763
Location4_nighttime_week3.csv,"([0.001, 1e-05, 1e-05], [1000.0, 1.5, 100.0])",30,20,[3.23686156e+01 1.96326924e-02 4.82361180e-01],0.057596239771898206,0.06409885125946549,0.5534179855191603
Location4_nighttime_week3.csv,"([0.001, 1e-05, 1e-05], [1000.0, 1.5, 100.0])",35,5,[3.75393636 0.01519554 1.12340317],0.05806056079195185,0.061891414094605086,0.5836471453147469
Location4_nighttime_week3.csv,"([0.001, 1e-05, 1e-05], [1000.0, 1.5, 100.0])",35,10,[2.63663708e+00 2.33148862e-03 5.21759102e-01],0.06064684404298392,0.06908027961353481,0.48130876510506493
Location4_nighttime_week3.csv,"([0.001, 1e-05, 1e-05], [1000.0, 1.5, 100.0])",35,15,[1.42857143e+02 9.01688137e-06 6.36640456e-02],0.06107702124325423,0.07014939293300677,0.4651295936447276
Location4_nighttime_week3.csv,"([0.001, 1e-05, 1e-05], [1000.0, 1.5, 100.0])",35,20,[5.82721621e+00 7.69055636e-06 4.05136104e-01],0.06080389185724335,0.07060549848434439,0.45815161574224783
Location4_nighttime_week3.csv,"([0.001, 1e-05, 1e-05], [1000.0, 1.5, 100.0])",40,5,[75.         0.0874868  7.5      ],0.06635573443644817,0.06561638814155384,0.5320220642065305
Location4_nighttime_week3.csv,"([0.001, 1e-05, 1e-05], [1000.0, 1.5, 100.0])",40,10,[5.10223017e+01 3.10445456e-03 1.37655265e-01],0.060355570633372005,0.06814548812031089,0.49525160230137166
Location4_nighttime_week3.csv,"([0.001, 1e-05, 1e-05], [1000.0, 1.5, 100.0])",40,15,[75.          0.08832843  7.5       ],0.06671837456457967,0.06574597989607138,0.5301717347014405
Location4_nighttime_week3.csv,"([0.001, 1e-05, 1e-05], [1000.0, 1.5, 100.0])",40,20,[75.          0.08666165  7.5       ],0.0659242330201983,0.0656040363965552,0.5321982336130009
Location4_nighttime_week3.csv,"([0.1, 0.001, 0.001], [10.0, 0.5, 1.0])",10,5,[4.40298681e+00 9.48360777e-04 4.26654539e-01],0.060812357116451,0.06983759584834852,0.46987376598780484
Location4_nighttime_week3.csv,"([0.1, 0.001, 0.001], [10.0, 0.5, 1.0])",10,10,[4.23031867e+00 8.00000000e-04 4.20566399e-01],0.0608865058179325,0.0697174873696589,0.47169564721894874
Location4_nighttime_week3.csv,"([0.1, 0.001, 0.001], [10.0, 0.5, 1.0])",10,15,[4.52233207e+00 5.00000000e-04 4.32709703e-01],0.06084749486729949,0.07022303623217113,0.4640059831487615
Location4_nighttime_week3.csv,"([0.1, 0.001, 0.001], [10.0, 0.5, 1.0])",10,20,[2.72790776 0.0033843  0.5       ],0.060573493990026345,0.06883630682660921,0.4849660485677566
Location4_nighttime_week3.csv,"([0.1, 0.001, 0.001], [10.0, 0.5, 1.0])",25,5,[4.81056987e+00 9.07881124e-04 4.33075899e-01],0.06075504622203951,0.07031909530880136,0.4625385927293445
Location4_nighttime_week3.csv,"([0.1, 0.001, 0.001], [10.0, 0.5, 1.0])",25,10,[7.2        0.01607899 0.70076881],0.0586407619965266,0.06394202052142596,0.5556006176500683
Location4_nighttime_week3.csv,"([0.1, 0.001, 0.001], [10.0, 0.5, 1.0])",25,15,[7.2        0.01675468 0.72      ],0.058518342167773366,0.06373504881574454,0.5584728834015724
Location4_nighttime_week3.csv,"([0.1, 0.001, 0.001], [10.0, 0.5, 1.0])",25,20,[5.92218477 0.05705923 0.08394563],0.06530476260850794,0.051408155286019136,0.712746865962101
Location4_nighttime_week3.csv,"([0.1, 0.001, 0.001], [10.0, 0.5, 1.0])",30,5,[6.97666456 0.05742148 0.15216552],0.06277163299481904,0.0520252646954708,0.7058090338100964
Location4_nighttime_week3.csv,"([0.1, 0.001, 0.001], [10.0, 0.5, 1.0])",30,10,[7.33333333 0.01586919 0.73333333],0.05851500840971157,0.06419603526903087,0.552062780830517
Location4_nighttime_week3.csv,"([0.1, 0.001, 0.001], [10.0, 0.5, 1.0])",30,15,[8.33333333 0.01676314 0.680201  ],0.05850353253060272,0.06385808300569022,0.5567665894658103
Location4_nighttime_week3.csv,"([0.1, 0.001, 0.001], [10.0, 0.5, 1.0])",30,20,[7.33333333 0.0168882  0.73333333],0.058393038019441686,0.06338399965624562,0.56332330296077
Location4_nighttime_week3.csv,"([0.1, 0.001, 0.001], [10.0, 0.5, 1.0])",35,5,[2.92589309e+00 1.05792962e-03 4.94979975e-01],0.060755879064906655,0.06948400794735902,0.47522823730816266
Location4_nighttime_week3.csv,"([0.1, 0.001, 0.001], [10.0, 0.5, 1.0])",35,10,[3.95934488e+00 3.11140068e-03 4.28571429e-01],0.06063258777588232,0.0690713800233358,0.4814424021461521
Location4_nighttime_week3.csv,"([0.1, 0.001, 0.001], [10.0, 0.5, 1.0])",35,15,[1.79315153 0.01427755 0.4057001 ],0.06097024341966228,0.0628647391985361,0.5704487650846172
Location4_nighttime_week3.csv,"([0.1, 0.001, 0.001], [10.0, 0.5, 1.0])",35,20,[2.25333816 0.01406452 0.40110323],0.06064446355753088,0.06316462056635579,0.5663408453553135
Location4_nighttime_week3.csv,"([0.1, 0.001, 0.001], [10.0, 0.5, 1.0])",40,5,[0.99360334 0.0156598  0.55      ],0.06092435104225921,0.06177738610020046,0.585179898999024
Location4_nighttime_week3.csv,"([0.1, 0.001, 0.001], [10.0, 0.5, 1.0])",40,10,[2.18309672 0.05679627 0.23090137],0.06347022147115286,0.05197679487588808,0.7063569499310192
Location4_nighttime_week3.csv,"([0.1, 0.001, 0.001], [10.0, 0.5, 1.0])",40,15,[1.15436336 0.07558457 0.19637852],0.06841065556162033,0.05535147944788618,0.6669885224125538
Location4_nighttime_week3.csv,"([0.1, 0.001, 0.001], [10.0, 0.5, 1.0])",40,20,[4.34810622 0.01116039 0.33859088],0.060576481537176666,0.06530509778948908,0.5364517948800755
Location4_nighttime_week4.csv,"([0.01, 0.0001, 0.0001], [100.0, 1.0, 10.0])",10,5,[3.00003112e+00 9.65182897e-05 3.50628399e-01],0.042839601378289655,0.06329520505982178,0.8285383834742949
Location4_nighttime_week4.csv,"([0.01, 0.0001, 0.0001], [100.0, 1.0, 10.0])",10,10,[1.52509700e+01 1.31376972e-02 6.48982903e-01],0.03431537571916331,0.06931857401004136,0.7943519804192387
Location4_nighttime_week4.csv,"([0.01, 0.0001, 0.0001], [100.0, 1.0, 10.0])",10,15,[2.21653596 0.0188659  0.34964855],0.04257577486054316,0.057156670730346366,0.8601832703928473
Location4_nighttime_week4.csv,"([0.01, 0.0001, 0.0001], [100.0, 1.0, 10.0])",10,20,[4.00000000e+01 5.24422108e-02 2.45374819e-02],0.05387392012562378,0.07753569364474978,0.7427066008844363
Location4_nighttime_week4.csv,"([0.01, 0.0001, 0.0001], [100.0, 1.0, 10.0])",25,5,[6.35045828 0.06350458 0.20090671],0.04938120113279576,0.06648205517931663,0.810837883588315
Location4_nighttime_week4.csv,"([0.01, 0.0001, 0.0001], [100.0, 1.0, 10.0])",25,10,[5.44648969e+00 8.91870500e-05 2.02975639e-01],0.04355096400092355,0.05988661038296998,0.8465083493880978
Location4_nighttime_week4.csv,"([0.01, 0.0001, 0.0001], [100.0, 1.0, 10.0])",25,15,[2.00987899e+00 7.65243424e-04 5.61397035e-01],0.04272441901391289,0.06206492753554108,0.8351390504888878
Location4_nighttime_week4.csv,"([0.01, 0.0001, 0.0001], [100.0, 1.0, 10.0])",25,20,[1.60000000e+01 1.01696311e-04 1.08255333e-01],0.043619621779922874,0.05927643210098682,0.8496202349698787
Location4_nighttime_week4.csv,"([0.01, 0.0001, 0.0001], [100.0, 1.0, 10.0])",30,5,[2.66666667e+01 1.87106597e-02 5.84135067e-01],0.0340767950395042,0.07007931013841515,0.7898134472336801
Location4_nighttime_week4.csv,"([0.01, 0.0001, 0.0001], [100.0, 1.0, 10.0])",30,10,[3.66186179 0.01741154 1.66666667],0.029842896364986802,0.07190212394392284,0.7787370337637007
Location4_nighttime_week4.csv,"([0.01, 0.0001, 0.0001], [100.0, 1.0, 10.0])",30,15,[1.18063238 0.02695236 1.96148976],0.03421772174213895,0.06569593202157309,0.8152849643405526
Location4_nighttime_week4.csv,"([0.01, 0.0001, 0.0001], [100.0, 1.0, 10.0])",30,20,[0.36561683 0.04793305 0.5068393 ],0.04973234284742974,0.06277274989021561,0.8313572793236523
Location4_nighttime_week4.csv,"([0.01, 0.0001, 0.0001], [100.0, 1.0, 10.0])",35,5,[3.35259678e+00 8.33671141e-05 2.74888163e-01],0.04288463063754427,0.06074475289396902,0.8420779289267546
Location4_nighttime_week4.csv,"([0.01, 0.0001, 0.0001], [100.0, 1.0, 10.0])",35,10,[6.03506114 0.01598122 1.48944815],0.02952026275627605,0.07653229157917515,0.7493228627440144
Location4_nighttime_week4.csv,"([0.01, 0.0001, 0.0001], [100.0, 1.0, 10.0])",35,15,[2.20789492e+01 1.89636596e-02 6.19373991e-01],0.03394569236304309,0.06952563166132741,0.7931215860496028
Location4_nighttime_week4.csv,"([0.01, 0.0001, 0.0001], [100.0, 1.0, 10.0])",35,20,[1.24473322e+01 1.00211575e-04 1.29582686e-01],0.04368997161819334,0.059990314526182344,0.8459762938192922
Location4_nighttime_week4.csv,"([0.01, 0.0001, 0.0001], [100.0, 1.0, 10.0])",40,5,[2.50000000e+01 1.97063597e-02 5.99482346e-01],0.03393814196013169,0.07138530049799378,0.7819064229754368
Location4_nighttime_week4.csv,"([0.01, 0.0001, 0.0001], [100.0, 1.0, 10.0])",40,10,[2.51386769e+00 7.98627231e-04 3.84962177e-01],0.042785230081277534,0.06290718664953675,0.8306341611454661
Location4_nighttime_week4.csv,"([0.01, 0.0001, 0.0001], [100.0, 1.0, 10.0])",40,15,[2.17643044 0.02670173 1.54719802],0.03426015816946216,0.06245992678630716,0.8330339268615023
Location4_nighttime_week4.csv,"([0.01, 0.0001, 0.0001], [100.0, 1.0, 10.0])",40,20,[8.26352156 0.02457252 1.25946412],0.030952274999791564,0.06371197395735552,0.8262729627844103
Location4_nighttime_week4.csv,"([0.001, 1e-05, 1e-05], [1000.0, 1.5, 100.0])",10,5,[3.00000000e+02 9.28379162e-06 2.89196234e+01],0.00028031340267140834,0.11061794372415282,0.47630738005304685
Location4_nighttime_week4.csv,"([0.001, 1e-05, 1e-05], [1000.0, 1.5, 100.0])",10,10,[3.00000000e+02 1.00931210e-05 2.90019939e+01],0.00022743834874265815,0.11064339931595236,0.4760663262243745
Location4_nighttime_week4.csv,"([0.001, 1e-05, 1e-05], [1000.0, 1.5, 100.0])",10,15,[4.39805088e+02 5.55687737e-02 2.46753536e+00],0.04083791948516553,0.0709413759552081,0.7846105105689106
Location4_nighttime_week4.csv,"([0.001, 1e-05, 1e-05], [1000.0, 1.5, 100.0])",10,20,[4.00000000e+02 3.68008841e-02 1.21559733e+01],0.03005004232679085,0.08855370256389855,0.6643870267356116
Location4_nighttime_week4.csv,"([0.001, 1e-05, 1e-05], [1000.0, 1.5, 100.0])",25,5,[1.72072613e-01 1.02083712e-03 2.81920814e+00],0.039819041360798245,0.06743992065342924,0.8053477658378904
Location4_nighttime_week4.csv,"([0.001, 1e-05, 1e-05], [1000.0, 1.5, 100.0])",25,10,[8.00000000e+01 2.70417803e-02 3.36362581e+00],0.024835872645702042,0.08654002064750785,0.6794769398493179
Location4_nighttime_week4.csv,"([0.001, 1e-05, 1e-05], [1000.0, 1.5, 100.0])",25,15,[1.03352068e-01 9.26403378e-06 7.43465504e+00],0.03757360968711537,0.0824767074904789,0.7088693552059462
Location4_nighttime_week4.csv,"([0.001, 1e-05, 1e-05], [1000.0, 1.5, 100.0])",25,20,[1.20000000e+02 9.87624065e-06 3.52343822e-02],0.04402326974191876,0.05906685183699453,0.8506817332406602
Location4_nighttime_week4.csv,"([0.001, 1e-05, 1e-05], [1000.0, 1.5, 100.0])",30,5,[3.54651175e+02 7.92545479e-06 2.84550338e+01],0.0002390364830235939,0.11060773965228465,0.47640399278112133
Location4_nighttime_week4.csv,"([0.001, 1e-05, 1e-05], [1000.0, 1.5, 100.0])",30,10,[1.43946607e-01 6.87206202e-06 2.74707909e+00],0.041061817820952695,0.06720162880027972,0.8067209019444553
Location4_nighttime_week4.csv,"([0.001, 1e-05, 1e-05], [1000.0, 1.5, 100.0])",30,15,[2.31587011e-01 3.79530186e-04 2.05079111e+00],0.04112062646555547,0.06392803712992531,0.8250926615168703
Location4_nighttime_week4.csv,"([0.001, 1e-05, 1e-05], [1000.0, 1.5, 100.0])",30,20,[2.11244088e+01 1.20063134e-02 6.66666667e+00],0.01782976577644002,0.09109029886716684,0.6448845680407886
Location4_nighttime_week4.csv,"([0.001, 1e-05, 1e-05], [1000.0, 1.5, 100.0])",35,5,[2.01704494e+00 1.12990327e-05 5.70678608e-01],0.04279450258197038,0.06125574938088255,0.8394098122058702
Location4_nighttime_week4.csv,"([0.001, 1e-05, 1e-05], [1000.0, 1.5, 100.0])",35,10,[3.23046643e+01 1.07817573e-02 6.44260042e+00],0.017266903889026405,0.09854337075289361,0.5843956173560013
Location4_nighttime_week4.csv,"([0.001, 1e-05, 1e-05], [1000.0, 1.5, 100.0])",35,15,[3.10223579 0.01975232 2.00312826],0.02972286470183612,0.06877251449586248,0.7975792178857333
Location4_nighttime_week4.csv,"([0.001, 1e-05, 1e-05], [1000.0, 1.5, 100.0])",35,20,[1.14285714e+02 1.60813572e-05 3.55758695e-02],0.04401694327392703,0.059040779710594196,0.8508135224052497
Location4_nighttime_week4.csv,"([0.001, 1e-05, 1e-05], [1000.0, 1.5, 100.0])",40,5,[4.70350661e+00 6.95624781e-05 2.21818854e-01],0.043249131808473965,0.059918565912956,0.8463444992171505
Location4_nighttime_week4.csv,"([0.001, 1e-05, 1e-05], [1000.0, 1.5, 100.0])",40,10,[1.34369691e+01 1.20159786e-02 7.84706048e-01],0.03291947491452994,0.07066802332402418,0.7862671982029205
Location4_nighttime_week4.csv,"([0.001, 1e-05, 1e-05], [1000.0, 1.5, 100.0])",40,15,[1.50000000e+02 7.78767258e-06 3.08981496e-02],0.04403766036832435,0.0592982109375233,0.8495097121918123
Location4_nighttime_week4.csv,"([0.001, 1e-05, 1e-05], [1000.0, 1.5, 100.0])",40,20,[2.25819821e+01 2.05860912e-02 6.12297466e-01],0.03397768346134066,0.07334745180495356,0.769752272568512
Location4_nighttime_week4.csv,"([0.1, 0.001, 0.001], [10.0, 0.5, 1.0])",10,5,[4.29549794 0.07177731 0.2331736 ],0.049530618063952724,0.0647713655106716,0.8204475243953371
Location4_nighttime_week4.csv,"([0.1, 0.001, 0.001], [10.0, 0.5, 1.0])",10,10,[3.         0.0828679  0.03753074],0.061066478629095075,0.07929330867511487,0.7309094963157243
Location4_nighttime_week4.csv,"([0.1, 0.001, 0.001], [10.0, 0.5, 1.0])",10,15,[2.60438357 0.03090112 0.5       ],0.041341084354875345,0.058574322029017724,0.8531615361209255
Location4_nighttime_week4.csv,"([0.1, 0.001, 0.001], [10.0, 0.5, 1.0])",10,20,[5.         0.04887879 0.06432064],0.05256270023185912,0.07197536538772356,0.7782860353242138
Location4_nighttime_week4.csv,"([0.1, 0.001, 0.001], [10.0, 0.5, 1.0])",25,5,[2.77600171 0.03063869 0.520577  ],0.04095246352255401,0.05787107580327568,0.8566662698686613
Location4_nighttime_week4.csv,"([0.1, 0.001, 0.001], [10.0, 0.5, 1.0])",25,10,[0.50721814 0.01567134 0.84      ],0.04312323934615859,0.0573916296402625,0.8590313940475673
Location4_nighttime_week4.csv,"([0.1, 0.001, 0.001], [10.0, 0.5, 1.0])",25,15,[9.6        0.0205629  0.65201645],0.0354201783576436,0.0705261398627535,0.7871245791137693
Location4_nighttime_week4.csv,"([0.1, 0.001, 0.001], [10.0, 0.5, 1.0])",25,20,[6.01963171 0.01960594 0.57023225],0.03791245265068608,0.061228172624306826,0.839554372013397
Location4_nighttime_week4.csv,"([0.1, 0.001, 0.001], [10.0, 0.5, 1.0])",30,5,[2.89746338e+00 1.07368008e-03 3.65303181e-01],0.0426271162270416,0.06362010228338962,0.8267736249132921
Location4_nighttime_week4.csv,"([0.1, 0.001, 0.001], [10.0, 0.5, 1.0])",30,10,[7.33333333 0.02083614 0.73333333],0.03516273315329197,0.06941215711779687,0.7937963379534437
Location4_nighttime_week4.csv,"([0.1, 0.001, 0.001], [10.0, 0.5, 1.0])",30,15,[8.66666667 0.01953846 0.5476982 ],0.03746657157997469,0.062496635478887556,0.832837611955217
Location4_nighttime_week4.csv,"([0.1, 0.001, 0.001], [10.0, 0.5, 1.0])",30,20,[1.30253567 0.01146084 0.9       ],0.0376491592300227,0.056944225956005054,0.8612207042130332
Location4_nighttime_week4.csv,"([0.1, 0.001, 0.001], [10.0, 0.5, 1.0])",35,5,[4.61104762 0.01800654 0.60288852],0.03807370376583814,0.061435388517204245,0.8384665347734759
Location4_nighttime_week4.csv,"([0.1, 0.001, 0.001], [10.0, 0.5, 1.0])",35,10,[4.         0.01509413 0.2226997 ],0.042473889965882396,0.05772129487151971,0.8574072575535826
Location4_nighttime_week4.csv,"([0.1, 0.001, 0.001], [10.0, 0.5, 1.0])",35,15,[3.26017675 0.01935195 0.30058334],0.04242472554065706,0.05754678097382669,0.8582681806390816
Location4_nighttime_week4.csv,"([0.1, 0.001, 0.001], [10.0, 0.5, 1.0])",35,20,[2.33786441 0.02023682 0.31485974],0.04282501635113168,0.05696294745039046,0.8611294365608785
Location4_nighttime_week4.csv,"([0.1, 0.001, 0.001], [10.0, 0.5, 1.0])",40,5,[6.94846407 0.02002684 0.76590649],0.03483859083872523,0.06971850452872384,0.7919721803564361
Location4_nighttime_week4.csv,"([0.1, 0.001, 0.001], [10.0, 0.5, 1.0])",40,10,[3.38527456 0.02216971 0.875     ],0.03548403016209114,0.06697720511327769,0.8080096796000106
Location4_nighttime_week4.csv,"([0.1, 0.001, 0.001], [10.0, 0.5, 1.0])",40,15,[2.41391602 0.02051671 0.65614835],0.03896356768047228,0.05749596917194092,0.8585183586543198
Location4_nighttime_week4.csv,"([0.1, 0.001, 0.001], [10.0, 0.5, 1.0])",40,20,[2.81337089 0.01904901 0.65105886],0.0385827960005826,0.059367574527106524,0.849157436748887
